,Word,Frequency
0,I‚Äôm #Bullish,1
1,#Bullish on,1
2,on #Bitcoin.,1
3,#Bitcoin. Even,1
4,Even more,1
5,more bullish,1
6,bullish on,1
7,on $ETH.,1
8,$ETH. I,1
9,I like,2
10,like nice,1
11,nice things.,1
12,Dramatization of,1
13,of China,1
14,China banning,1
15,banning #Bitcoin,1
16,#Bitcoin mining,6
17,mining https://t.co/VXV4LZ8Gak,1
18,When Bitcoin,1
19,Bitcoin gets,1
20,gets to,1
21,to $250k,1
22,$250k you,1
23,you won‚Äôt,1
24,won‚Äôt even,1
25,even remember,1
26,remember whether,1
27,whether your,1
28,your paid,1
29,"paid $34k,",1
30,"$34k, $29k",1
31,$29k or,1
32,or $32k!,1
33,My first,1
34,first time,2
35,time buying,1
36,buying btc,1
37,btc was,1
38,"was 20k,",1
39,"20k, I",1
40,I kept,2
41,kept buying,2
42,buying all,1
43,all the,4
44,the way,5
45,way down,1
46,down to,1
47,to 3500.,1
48,3500. It,1
49,It stayed,1
50,stayed under,1
51,under 10k,1
52,10k for,1
53,for the,4
54,the next,3
55,next 4,1
56,4 years,1
57,years but,1
58,but I,1
59,buying every,1
60,every check,1
61,check nomatter,1
62,nomatter what,1
63,what the,1
64,the price,3
65,"price was,",1
66,"was, The",1
67,The way,1
68,way you,2
69,you win,2
70,win in,1
71,in #bitcoin,3
72,#bitcoin isn't,1
73,isn't by,1
74,by trading,1
75,"trading it,",1
76,"it, the",1
77,win is,1
78,is by,1
79,by having,1
80,having unbreakable,1
81,unbreakable conviction.,1
82,If a,1
83,a hodler,1
84,hodler dies,1
85,dies and,1
86,and their,1
87,their Bitcoin,1
88,Bitcoin is,3
89,is lost.,1
90,lost. Something,1
91,Something interesting,1
92,interesting happens.,1
93,happens. That,1
94,That Hodlers,1
95,Hodlers time,1
96,time and,2
97,and energy,1
98,energy is,1
99,is not,1
100,not lost,2
101,lost The,1
102,The value,1
103,value of,1
104,of their,3
105,"their life,",1
106,"life, transfers",1
107,transfers to,1
108,to the,9
109,the rest,1
110,rest of,1
111,of the,11
112,the network,2
113,network Every,1
114,Every sat,1
115,sat you,1
116,you buy,1
117,buy is,1
118,is a,9
119,a piece,1
120,piece of,1
121,of your,1
122,your life,1
123,life that,1
124,that you,1
125,you have,3
126,have preserved,1
127,preserved for,1
128,for eternity,1
129,eternity You,1
130,You are,1
131,are the,1
132,the hill,1
133,J‚Äôai jur√©,1
134,jur√© que,1
135,que c‚Äôest,1
136,c‚Äôest pas,1
137,pas m√©rit√©,1
138,m√©rit√© on,1
139,on a,2
140,a tous,1
141,tous envie,1
142,envie de,1
143,de chier,1
144,chier pendant,1
145,pendant que,1
146,que les,1
147,les Suisses,1
148,Suisses en,1
149,en ont,1
150,ont absolument,1
151,absolument rien,1
152,rien a,1
153,a foutre,1
154,foutre du,1
155,du foot,1
156,foot y,1
157,y tweet,1
158,tweet sur,1
159,sur le,1
160,le bitcoin,1
161,Today Cathie,1
162,Cathie Wood‚Äôs,1
163,Wood‚Äôs ARK,1
164,ARK Invest,3
165,Invest filed,1
166,filed with,1
167,with the,2
168,the Securities,1
169,Securities and,1
170,and Exchange,1
171,Exchange Commission,1
172,Commission to,1
173,to create,2
174,create a,2
175,a #bitcoin,3
176,#bitcoin exchange-traded,1
177,exchange-traded fund.,1
178,fund. (ETF),1
179,(ETF) https://t.co/Mw9eQL2S41,1
180,Bears focusing,1
181,focusing on,1
182,on Tether's,1
183,Tether's impact,1
184,impact on,1
185,on bitcoin,1
186,bitcoin over,3
187,over the,4
188,the past,4
189,past year,1
190,year would,1
191,would have,1
192,have probably,1
193,probably done,1
194,done better,1
195,better to,1
196,to focus,1
197,focus on,1
198,on the,5
199,the Grayscale,1
200,Grayscale neutral,1
201,neutral arbitrage,1
202,arbitrage trade,1
203,trade instead.,1
204,instead. When,1
205,When new,1
206,new competition,1
207,competition resulted,1
208,resulted in,1
209,in the,11
210,the market,1
211,market taking,1
212,taking away,1
213,away GBTC's,1
214,GBTC's premium,1
215,premium to,1
216,"to NAV,",1
217,"NAV, the",1
218,the biggest,2
219,biggest bitcoin,1
220,bitcoin buyer,1
221,buyer stopped,1
222,stopped buying.,1
223,buying. https://t.co/RoAarfw58N,1
224,El Salvador's,1
225,Salvador's üá∏üáª,1
226,üá∏üáª #Bitcoin,1
227,"#Bitcoin wallet,",1
228,"wallet, Chivo,",1
229,"Chivo, will",1
230,will be,6
231,be completely,1
232,completely free,1
233,free to,1
234,to use.,1
235,use. There,1
236,There are,3
237,are no,1
238,no commissions,1
239,commissions to,1
240,to send,1
241,send or,1
242,or receive,2
243,"receive remittances,",1
244,"remittances, to",1
245,to make,4
246,make or,1
247,"receive payments,",1
248,"payments, or",1
249,or even,1
250,even to,1
251,to convert,1
252,convert bitcoin,1
253,bitcoin to,1
254,to dollars,1
255,dollars or,1
256,or vice,1
257,"vice versa.""",1
258,"versa."" says",1
259,says @NayibBukele.,1
260,@NayibBukele. https://t.co/YYyYxzVsFZ,1
261,Invest has,2
262,has filed,2
263,filed for,2
264,for a,6
265,a #Bitcoin,4
266,#Bitcoin ETF.,1
267,ETF. https://t.co/ZtXLjEaKhF,1
268,The Bank,1
269,Bank of,1
270,of Mexico,1
271,Mexico just,1
272,just released,1
273,released a,1
274,a statement,1
275,statement warning,1
276,warning that,1
277,that any,1
278,any banks,1
279,banks that,1
280,that accept,1
281,accept #Bitcoin,2
282,#Bitcoin could,2
283,could face,1
284,face penalties.,1
285,penalties. Central,1
286,Central Banks,1
287,Banks hate,1
288,hate progress.,1
289,progress. https://t.co/sDzxSEvjKT,1
290,*CATHIE WOOD‚ÄôS,1
291,WOOD‚ÄôS ARK,1
292,ARK INVEST,1
293,INVEST FILES,1
294,FILES TO,1
295,TO CREATE,1
296,CREATE A,1
297,A BITCOIN,1
298,BITCOIN ETF:,1
299,ETF: CNBC,1
300,#Bitcoin ETF,1
301,ETF (with,1
302,(with 21Shares).,1
303,21Shares). This,2
304,This is,6
305,is the,11
306,the 12th,1
307,12th #BTC,1
308,#BTC ETF,1
309,ETF filing.,1
310,filing. -,1
311,- @EricBalchunas,1
312,BOOM: ARK,1
313,ARK files,1
314,files for,1
315,a bitcoin,1
316,bitcoin ETF,2
317,ETF (in,1
318,(in collab,1
319,collab with,1
320,with 21Shares).,1
321,This would,1
322,would be,1
323,be bitcoin,1
324,ETF filing,1
325,filing #12.,1
326,#12. https://t.co/iaWAdSo9v1,1
327,All your,1
328,your fiat,1
329,fiat based,1
330,based assets,1
331,assets are,1
332,are ultimately,1
333,ultimately secured,1
334,secured by,1
335,by the,4
336,the same,2
337,same legal,1
338,legal system,1
339,system that,1
340,that today,1
341,today made,1
342,made it,1
343,it illegal,1
344,illegal for,1
345,for me,1
346,me to,3
347,to host,1
348,host the,1
349,the Bitcoin,4
350,Bitcoin whitepaper,2
351,whitepaper because,1
352,because a,1
353,a notorious,1
354,notorious liar,1
355,liar swore,1
356,swore before,1
357,before a,1
358,a judge,1
359,judge that,1
360,that he's,1
361,he's Satoshi.,1
362,Satoshi. A,1
363,A system,1
364,system where,1
365,where 'justice',1
366,'justice' depends,1
367,depends on,1
368,on who's,1
369,who's got,1
370,got the,1
371,the bigger,1
372,bigger wallet.,1
373,The Market,1
374,Market isn't,1
375,"isn't crashing,",1
376,"crashing, it's",1
377,it's inexperienced,1
378,inexperienced users,1
379,users panic,1
380,panic selling.,1
381,selling. Smart,1
382,Smart people,1
383,people will,1
384,will hold,2
385,hold and,1
386,and buy,1
387,"buy more,",1
388,"more, just",1
389,just holdüí™‚úåüèæüíØ,1
390,holdüí™‚úåüèæüíØ If,1
391,If you,9
392,you are,3
393,are Novice,1
394,Novice of,1
395,"of Crypto,",1
396,"Crypto, Join",1
397,Join my,1
398,my tutorial,1
399,tutorial classes,1
400,classes on,1
401,on whatsappüëáüëá,1
402,whatsappüëáüëá https://t.co/OefATTnTJs,1
403,https://t.co/OefATTnTJs /#TwitterBan,1
404,/#TwitterBan /,1
405,/ #Bitcoin,1
406,#Bitcoin /,1
407,/ Korean,1
408,Korean /,1
409,/ Erica,1
410,Erica /,1
411,/ Burna,1
412,Burna /,1
413,/ Embolo,1
414,Embolo /,1
415,/ https://t.co/z08Ne14rlX,1
416,"...a√©reo, seguros,",1
417,"seguros, custodia,",1
418,"custodia, transporte",1
419,transporte y,1
420,y seguridad,1
421,seguridad terrestre,1
422,terrestre hacia,1
423,hacia las,1
424,"las b√≥vedas,",2
425,"b√≥vedas, seguridad",1
426,seguridad y,1
427,y administraci√≥n,1
428,administraci√≥n de,1
429,de las,1
430,"b√≥vedas, distribuci√≥n",1
431,distribuci√≥n de,1
432,de ese,2
433,ese dinero,1
434,dinero a,1
435,a los,3
436,"los bancos,",1
437,"bancos, etc.",1
438,"etc. S√≠,",1
439,"S√≠, todo",1
440,todo lo,1
441,lo absorbe,1
442,absorbe el,1
443,el Gobierno.,2
444,Gobierno. Lo,1
445,Lo mismo,1
446,mismo se,1
447,se har√°,1
448,har√° con,1
449,"con #bitcoin,",1
450,"#bitcoin, solo",1
451,solo que,1
452,que much√≠simo,1
453,much√≠simo m√°s,1
454,m√°s barato.,1
455,The President,1
456,President of,1
457,of El,1
458,El Salvador,6
459,Salvador just,1
460,just confirmed,1
461,confirmed the,1
462,the following:,1
463,following: -,1
464,- All,1
465,All USD,1
466,USD -&gt;,1
467,-&gt; #Bitcoin,1
468,#Bitcoin -&gt;,1
469,-&gt; USD,1
470,USD will,1
471,be commission,1
472,commission free,1
473,free -,1
474,- $30,1
475,$30 air-dropped,1
476,air-dropped by,1
477,the govt.,1
478,govt. must,1
479,must be,1
480,be spent,1
481,spent to,1
482,to encourage,1
483,encourage adoption,1
484,adoption -,1
485,- Govt,1
486,Govt wallet,1
487,wallet is,1
488,is VOLUNTARY,1
489,VOLUNTARY &amp;,1
490,&amp; compatible,1
491,compatible -,1
492,- 200,1
493,200 trxn,1
494,trxn points,1
495,points installed,1
496,installed in,1
497,in public,1
498,public spaces,1
499,9. Una,1
500,Una vez,1
501,vez estos,1
502,estos $30,1
503,$30 en,2
504,en #bitcoin,2
505,#bitcoin sean,1
506,"sean gastados,",1
507,"gastados, entrar√°n",1
508,entrar√°n al,1
509,al sistema,1
510,sistema normal,1
511,normal y,1
512,y podr√°n,1
513,podr√°n mantenerse,1
514,mantenerse en,1
515,"en #bitcoin,",1
516,"#bitcoin, convertirse",1
517,convertirse en,1
518,en d√≥lares,1
519,d√≥lares y/o,1
520,y/o retirarse,1
521,retirarse en,1
522,en efectivo,3
523,efectivo en,1
524,en cualquier,2
525,cualquier punto,1
526,"punto Chivo,",1
527,"Chivo, los",1
528,los cuales,1
529,cuales estar√°n,1
530,estar√°n distribuidos,1
531,distribuidos por,1
532,por todo,1
533,todo nuestro,1
534,nuestro pa√≠s,1
535,pa√≠s üá∏üáª,1
536,üá∏üáª Espero,1
537,Espero haber,1
538,haber resuelto,1
539,resuelto sus,1
540,sus dudas.,1
541,Banco de,1
542,de M√©xico,1
543,"M√©xico (@Banxico),",1
544,"(@Banxico), SHCP",1
545,SHCP y,1
546,y CNBV,1
547,CNBV advierten,1
548,advierten sobre,1
549,sobre los,1
550,los riesgos,1
551,riesgos de,1
552,de utilizar,1
553,utilizar activos,1
554,activos virtuales,1
555,"virtuales (Bitcoin,",1
556,"(Bitcoin, Ehter,",1
557,"Ehter, XRP",1
558,XRP y,1
559,y otros):,1
560,otros): Comunicado,1
561,Comunicado completo:,1
562,completo: https://t.co/rJf49Iqzfw,1
563,https://t.co/rJf49Iqzfw https://t.co/TZb5IuLLyf,1
564,8. Los,1
565,Los √∫nicos,1
566,√∫nicos #bitcoin,1
567,#bitcoin que,1
568,que no,1
569,no pueden,1
570,pueden ser,1
571,ser convertidos,1
572,convertidos son,1
573,son los,1
574,los $30,1
575,$30 d√≥lares,1
576,d√≥lares en,2
577,en bitcoin,1
578,bitcoin que,1
579,que dar√°,1
580,dar√° el,1
581,Gobierno. Esos,1
582,Esos solo,1
583,solo podr√°n,1
584,podr√°n ser,1
585,ser gastados.,1
586,gastados. ¬øPor,1
587,¬øPor qu√©?,1
588,qu√©? Porque,1
589,Porque el,1
590,el prop√≥sito,1
591,prop√≥sito de,1
592,de esos,1
593,esos $30,1
594,#bitcoin no,1
595,no es,1
596,es regalar,1
597,"regalar dinero,",1
598,"dinero, sino",1
599,sino incentivar,1
600,incentivar el,1
601,el uso,1
602,uso de,2
603,de bitcoin,1
604,bitcoin y,1
605,y de,2
606,de la,4
607,la @chivowallet.,2
608,@chivowallet. Sigue,1
609,7. La,1
610,La conversi√≥n,1
611,conversi√≥n de,1
612,de d√≥lares,1
613,d√≥lares a,1
614,#bitcoin o,1
615,o de,1
616,de #bitcoin,2
617,#bitcoin a,1
618,a d√≥lares,2
619,d√≥lares es,1
620,es libre,1
621,libre y,1
622,y se,1
623,se puede,1
624,puede hacer,1
625,hacer en,2
626,cualquier momento,1
627,momento desde,1
628,desde la,1
629,"la @chivowallet,",1
630,"@chivowallet, al",1
631,al precio,1
632,precio de,1
633,de mercado,1
634,mercado de,1
635,ese momento.,1
636,momento. Esto,1
637,Esto tambi√©n,1
638,tambi√©n es,1
639,es sin,1
640,sin comisi√≥n.,2
641,comisi√≥n. No,1
642,No es,1
643,es obligaci√≥n,1
644,obligaci√≥n hacer,1
645,hacer ninguna,1
646,ninguna conversi√≥n,1
647,conversi√≥n si,1
648,si no,1
649,no se,1
650,se desea.,1
651,desea. Sigue,1
652,You don't,1
653,don't buy,1
654,buy #gold,1
655,#gold to,1
656,to get,4
657,get rich.,2
658,rich. You,1
659,You buy,1
660,buy gold,1
661,gold to,1
662,to stay,1
663,stay rich.,1
664,rich. Most,1
665,Most people,1
666,people who,1
667,who are,1
668,are buying,1
669,buying #Bitcoin,1
670,#Bitcoin are,1
671,are doing,1
672,doing so,1
673,so to,1
674,rich. The,1
675,The problem,1
676,problem with,1
677,with putting,1
678,putting too,1
679,too much,3
680,much money,2
681,money into,1
682,into something,1
683,something that,1
684,that has,2
685,has the,1
686,the potential,1
687,potential to,2
688,make you,2
689,you rich,1
690,rich is,2
691,is that,2
692,that it,1
693,it also,1
694,also has,1
695,has an,1
696,an even,1
697,even greater,1
698,greater potential,1
699,you poor.,1
700,6. Habr√°n,1
701,Habr√°n m√°s,1
702,m√°s de,1
703,de 200,1
704,200 puntos,1
705,puntos Chivo,1
706,Chivo (entre,1
707,(entre cajeros,1
708,cajeros y,1
709,y sucursales),1
710,sucursales) en,1
711,en centros,1
712,centros hist√≥ricos,1
713,hist√≥ricos y,1
714,y centros,1
715,"centros comerciales,",1
716,"comerciales, donde",1
717,donde podr√°n,1
718,podr√°n retirar,1
719,retirar d√≥lares,1
720,efectivo de,1
721,@chivowallet. Tambi√©n,1
722,Tambi√©n se,1
723,se podr√°n,1
724,podr√°n hacer,1
725,"hacer dep√≥sitos,",1
726,"dep√≥sitos, compra",1
727,compra de,1
728,#bitcoin y,1
729,y otros,1
730,otros servicios.,1
731,servicios. Todo,1
732,Todo ser√°,1
733,ser√° sin,1
734,comisi√≥n. Sigue,2
735,5. El,1
736,El dinero,1
737,dinero que,1
738,que se,3
739,se tenga,1
740,tenga o,1
741,o se,1
742,se reciba,1
743,reciba (en,1
744,(en d√≥lares,1
745,d√≥lares o,2
746,o en,1
747,en bitcoin),1
748,bitcoin) en,1
749,en la,1
750,la @chivowallet,2
751,@chivowallet podr√°,1
752,podr√° ser,1
753,ser retirado,1
754,retirado en,1
755,efectivo (en,1
756,(en d√≥lares),1
757,d√≥lares) en,1
758,en el,1
759,el momento,1
760,momento que,1
761,se desee.,1
762,desee. Se,1
763,Se podr√°,1
764,podr√° hacer,1
765,en las,2
766,las sucursales,1
767,sucursales f√≠sicas,1
768,f√≠sicas que,1
769,se abrir√°n,1
770,abrir√°n de,1
771,de Chivo,1
772,Chivo y,1
773,y en,1
774,en los,1
775,los Cajeros,1
776,Cajeros Chivo.,1
777,Chivo. Esto,1
778,Esto NO,1
779,NO tendr√°,1
780,tendr√° comisi√≥n.,1
781,4. El,1
782,El uso,1
783,@chivowallet no,1
784,no tendr√°,1
785,tendr√° ning√∫n,1
786,"ning√∫n costo,",1
787,"costo, no",1
788,no habr√°,1
789,habr√° comisiones,1
790,comisiones para,1
791,para enviar,1
792,enviar o,1
793,o recibir,2
794,"recibir remesas,",1
795,"remesas, ni",1
796,ni para,1
797,para hacer,1
798,hacer o,1
799,"recibir pagos,",1
800,"pagos, tampoco",1
801,tampoco para,1
802,para convertir,1
803,convertir bitcoin,1
804,bitcoin a,1
805,o viceversa.,1
806,viceversa. No,1
807,No se,1
808,se le,1
809,le cobrar√°,1
810,cobrar√° comisi√≥n,1
811,comisi√≥n a,1
812,"los comercios,",1
813,"comercios, como",1
814,como s√≠,1
815,s√≠ hacen,1
816,hacen las,1
817,las tarjetas,1
818,tarjetas de,1
819,de cr√©dito.,1
820,cr√©dito. Sigue,1
821,"On Thursday,",1
822,"Thursday, July",1
823,July 1,1
824,1 at,1
825,at 4pm,1
826,4pm EDT,1
827,EDT the,1
828,Bitcoin Mining,1
829,Mining Council,1
830,Council will,1
831,will distribute,1
832,distribute its,1
833,its Q2,1
834,Q2 2021,1
835,"2021 Briefing,",1
836,"Briefing, clarifying",1
837,clarifying actual,1
838,actual #Bitcoin,1
839,#Bitcoin Electricity,1
840,"Electricity Usage,",1
841,"Usage, to",1
842,to be,12
843,be followed,1
844,followed by,1
845,by a,1
846,a briefing,1
847,briefing for,1
848,the general,1
849,general public,1
850,public at,1
851,at 5pm.,1
852,Salvador üá∏üáª,3
853,üá∏üáª is,1
854,is working,3
855,working to,7
856,to structure,1
857,structure the,1
858,the first,8
859,"first state-backed,",1
860,"state-backed, blockchain-based",1
861,blockchain-based securities,1
862,"securities offering,",1
863,"offering, using",1
864,using the,1
865,the Liquid,1
866,"Liquid network,",1
867,"network, a",1
868,#bitcoin scaling,1
869,scaling system.,1
870,system. With,1
871,With @Blockstream's,1
872,"@Blockstream's help,",1
873,"help, the",1
874,the nation,1
875,nation may,1
876,may soon,1
877,soon be,1
878,be mining,1
879,mining #bitcoin,1
880,#bitcoin with,1
881,"with volcanos,",1
882,"volcanos, among",1
883,among other,1
884,other ‚Äúfew,1
885,‚Äúfew potential,1
886,potential bond,1
887,bond offerings‚Äù.,1
888,offerings‚Äù. https://t.co/BHOQz6bU6T,1
889,you own,1
890,own 0.21,1
891,"0.21 BTC,",1
892,"BTC, then",1
893,then you,1
894,have more,1
895,more #Bitcoin,1
896,#Bitcoin than,1
897,than 98.71%,1
898,98.71% of,1
899,the worlds,1
900,worlds population,1
901,population can,1
902,can ever,1
903,ever possibly,1
904,possibly have.,1
905,BREAKING: Morgan,1
906,Morgan Stanley,4
907,Stanley equity,1
908,equity fund,1
909,fund owns,1
910,owns 28.2K,2
911,28.2K shares,2
912,shares of,4
913,of Grayscale,4
914,Grayscale #Bitcoin,3
915,"#Bitcoin Trust,",1
916,"Trust, per",1
917,per latest,1
918,latest SEC,1
919,SEC filings.,1
920,$2500 in,1
921,in #Bitcoin,9
922,#Bitcoin to,8
923,to 5,7
924,5 people,2
925,people if,2
926,if I,7
927,I hit,5
928,hit 250k,2
929,250k today.,2
930,today. Just,5
931,Just retweet,6
932,retweet and,6
933,and be,6
934,be following,6
935,following me.,2
936,North American-based,1
937,American-based #Bitcoin,1
938,mining firm,1
939,firm Hut,1
940,Hut 8,1
941,8 has,1
942,has added,1
943,added 500,1
944,500 #BTC,1
945,#BTC to,1
946,to their,3
947,their balance,1
948,balance sheet,1
949,sheet in,1
950,past three,1
951,"three months,",1
952,"months, with",1
953,with a,4
954,a goal,1
955,goal of,1
956,"of 5,000",1
957,"5,000 by",1
958,by year-end.,1
959,year-end. #Bitcoin,1
960,#Bitcoin is,10
961,a network,1
962,network of,1
963,"of beauty,",1
964,"beauty, where",1
965,where it's,1
966,it's profitable,1
967,profitable to,1
968,to recycle,1
969,recycle energy,1
970,energy into,1
971,into human,1
972,human prosperity,1
973,prosperity and,1
974,and freedom.,1
975,freedom. https://t.co/D7f7m6tori,1
976,JUST IN:,1
977,IN: Morgan,1
978,Stanley owns,1
979,#Bitcoin Trust,1
980,The error,1
981,error that,1
982,that most,1
983,most bitcoin,1
984,bitcoin critics,1
985,critics make,1
986,make is,1
987,that they,2
988,they can‚Äôt,1
989,can‚Äôt argue,1
990,argue the,1
991,the pro-bitcoin,1
992,pro-bitcoin points,1
993,points better,1
994,better than,2
995,than bitcoiners.,1
996,bitcoiners. As,1
997,As Charlie,1
998,Charlie Munger,1
999,Munger famously,1
1000,"famously said,",1
1001,"said, ‚ÄúI",1
1002,‚ÄúI never,1
1003,never allow,1
1004,allow myself,1
1005,myself to,1
1006,to have,3
1007,have an,1
1008,an opinion,1
1009,opinion on,1
1010,on anything,1
1011,anything that,1
1012,that I,1
1013,I don‚Äôt,1
1014,don‚Äôt know,1
1015,know the,3
1016,the other,1
1017,other side‚Äôs,1
1018,side‚Äôs argument,1
1019,argument better,1
1020,than they,1
1021,they do.‚Äù,1
1022,is cheap,1
1023,cheap and,1
1024,and Long-Term,1
1025,Long-Term BTC,1
1026,BTC Holders,1
1027,Holders know,1
1028,know it.,1
1029,it. They've,1
1030,They've added,1
1031,"added 741,363",1
1032,"741,363 BTC",1
1033,BTC to,1
1034,their holdings,1
1035,holdings since,1
1036,since the,1
1037,the initial,1
1038,initial price,1
1039,price drawdown,1
1040,drawdown in,1
1041,in late,1
1042,late May.,1
1043,May. *note:,1
1044,*note: some,1
1045,some of,1
1046,of this,3
1047,this is,3
1048,is STHs,1
1049,STHs aging,1
1050,aging into,1
1051,into LTHs,1
1052,LTHs https://t.co/1PfiHotjOK,1
1053,Fix the,2
1054,"the Money,",1
1055,"Money, Fix",1
1056,the World,1
1057,World #Bitcoin,1
1058,#Bitcoin nfa,1
1059,nfa https://t.co/vdG694aOwr,1
1060,$500 in,1
1061,people (,1
1062,( 100,1
1063,100 each,1
1064,each ),1
1065,) if,1
1066,hit 245k,2
1067,245k today.,2
1068,following me,4
1069,"On average,",1
1070,"average, the",1
1071,price of,2
1072,of #bitcoin,1
1073,#bitcoin has,1
1074,has more,1
1075,more than,3
1076,than tripled,1
1077,tripled annually,1
1078,annually for,1
1079,for ten,1
1080,ten years.,1
1081,years. https://t.co/R2bJBATUPg,1
1082,Happy to,1
1083,to pay,2
1084,pay Craig,1
1085,Craig his,1
1086,his costs,1
1087,costs for,1
1088,whitepaper case.,1
1089,case. How,1
1090,How does,1
1091,does a,1
1092,a BTC,1
1093,BTC payment,1
1094,payment to,1
1095,the address,1
1096,address associated,1
1097,associated with,1
1098,with block,1
1099,block #9,1
1100,#9 sound?,1
1101,"""Morgan Stanley",1
1102,Stanley bought,1
1103,"bought 28,289",1
1104,"28,289 shares",2
1105,#Bitcoin Trust.,1
1106,Trust. This,1
1107,a new,3
1108,"new position.""",1
1109,"position."" -",1
1110,- @MacroScope17,1
1111,BTC institutional,1
1112,institutional watch:,1
1113,watch: In,1
1114,In an,1
1115,an SEC,1
1116,SEC filing,1
1117,"filing today,",1
1118,"today, Morgan",1
1119,Stanley Europe,1
1120,Europe Opportunity,1
1121,Opportunity Fund,1
1122,Fund reported,1
1123,reported owning,1
1124,"owning 28,289",1
1125,Grayscale Bitcoin,1
1126,Bitcoin Trust,1
1127,Trust as,1
1128,as of,1
1129,of April,1
1130,April 30.,1
1131,30. This,1
1132,new position.,1
1133,position. Filing:,1
1134,Filing: https://t.co/t0IxUVqkXR,1
1135,Thanks be,1
1136,be to,1
1137,to Jerome,1
1138,Jerome Powell,1
1139,Powell and,1
1140,and the,5
1141,the Fed,2
1142,Fed for,1
1143,for crowding,1
1144,crowding so,1
1145,so many,1
1146,many people,1
1147,people into,1
1148,into #bitcoin,1
1149,#bitcoin üôè,1
1150,El secreto,1
1151,secreto de,1
1152,de invertir,1
1153,invertir en,1
1154,en #Bitcoin,1
1155,#Bitcoin es,2
1156,es comprar,1
1157,comprar ahora,1
1158,ahora y,1
1159,y no,1
1160,no vender.,1
1161,vender. Solo,1
1162,Solo vende,1
1163,vende con,1
1164,con un,1
1165,un prop√≥sito,1
1166,prop√≥sito espec√≠fico,1
1167,espec√≠fico o,1
1168,o por,1
1169,por necesidad‚Ä¶,1
1170,necesidad‚Ä¶ y,1
1171,y si,1
1172,si inviertes,1
1173,"inviertes bien,",1
1174,"bien, lo",1
1175,lo segundo,1
1176,segundo no,1
1177,no pasar√°,1
1178,pasar√° üòé.,1
1179,üòé. Diversificar,1
1180,Diversificar tus,1
1181,tus inversiones,1
1182,inversiones es,1
1183,es necesario,1
1184,necesario e,1
1185,e inteligente,1
1186,inteligente üòå.,1
1187,IT'S OFFICIAL:,1
1188,OFFICIAL: yesterday,1
1189,yesterday (june,1
1190,(june 27,1
1191,"27 2021),",1
1192,"2021), saw",1
1193,saw the,1
1194,the slowest,1
1195,slowest #bitcoin,1
1196,#bitcoin blocks,1
1197,blocks in,1
1198,in TEN,1
1199,TEN YEARS,1
1200,YEARS (since,1
1201,(since 2010).,1
1202,2010). blocks,1
1203,blocks times,1
1204,times avg.,1
1205,"avg. 23min,",1
1206,"23min, instead",1
1207,instead of,2
1208,the target,1
1209,target 10min.,1
1210,10min. the,1
1211,the latest,1
1212,"latest ""china",1
1213,"""china ban""",1
1214,"ban"" is",1
1215,the most,5
1216,most disruptive,1
1217,disruptive action,1
1218,action the,1
1219,the bitcoin,1
1220,bitcoin network,1
1221,network has,1
1222,has ever,1
1223,"ever faced,",1
1224,"faced, but",1
1225,but it,1
1226,it will,1
1227,"will survive,",1
1228,"survive, adapt,",1
1229,"adapt, thrive",1
1230,thrive üëá,1
1231,üëá https://t.co/vEMR1zlDHx,1
1232,Coinbase has,1
1233,has received,1
1234,received approval,1
1235,approval from,1
1236,from Germany,1
1237,Germany for,1
1238,#Bitcoin and,5
1239,and crypto,2
1240,crypto custody,1
1241,custody business!,1
1242,business! üôå,1
1243,Yo Americans,1
1244,Americans -,1
1245,- you,1
1246,you can,5
1247,can put,1
1248,put #Bitcoin,1
1249,#Bitcoin into,1
1250,into your,1
1251,your IRA,1
1252,IRA for,1
1253,for retirement.,1
1254,retirement. üôå,1
1255,The most,1
1256,most successful,1
1257,successful people,1
1258,people in,1
1259,the world,3
1260,world believe,1
1261,believe that,1
1262,that #bitcoin,2
1263,#bitcoin is,2
1264,is gold,1
1265,gold 2.0.,1
1266,2.0. If,1
1267,If you‚Äôre,2
1268,you‚Äôre not,1
1269,not a,1
1270,"a HODLer,",1
1271,"HODLer, what",1
1272,what do,1
1273,do you,1
1274,you know,3
1275,know that,2
1276,they don‚Äôt,1
1277,don‚Äôt know?,1
1278,know? https://t.co/USz6DOOMws,1
1279,Bitcoin's hashrate,1
1280,hashrate looks,1
1281,looks like,1
1282,like it,1
1283,it just,2
1284,just listed,1
1285,listed on,1
1286,on Uniswap,1
1287,Uniswap https://t.co/V5Fc8n0oSN,1
1288,This month's,1
1289,month's shout,1
1290,shout out,1
1291,out goes,1
1292,goes to,1
1293,"to China,",1
1294,"China, for",1
1295,for selflessly,1
1296,selflessly helping,1
1297,helping #bitcoin,1
1298,#bitcoin remove,1
1299,remove the,1
1300,the last,1
1301,last area,1
1302,area of,1
1303,of major,1
1304,major centralisation,1
1305,centralisation in,1
1306,in its,1
1307,its network,1
1308,network at,2
1309,at her,1
1310,her own,1
1311,"own loss,",1
1312,"loss, and",1
1313,the loss,1
1314,loss of,1
1315,of her,1
1316,her children,1
1317,children and,1
1318,and her,1
1319,her children's,1
1320,children's children.,1
1321,children. üôè,1
1322,This Bitcoin,1
1323,Bitcoin chart,1
1324,chart is,1
1325,is crazy.,1
1326,crazy. Oh,1
1327,Oh wait...thats,1
1328,wait...thats actually,1
1329,actually a,1
1330,a chart,1
1331,chart of,1
1332,of US,1
1333,US dollar,1
1334,dollar money,1
1335,money printing.,1
1336,printing. https://t.co/IVdeV8vUpe,1
1337,My latest,1
1338,latest piece,1
1339,piece in,1
1340,in @BitcoinMagazine,1
1341,@BitcoinMagazine on,1
1342,on Projecting,1
1343,Projecting Bitcoin's,1
1344,Bitcoin's Future,1
1345,Future Energy,1
1346,Energy Use,1
1347,Use We,1
1348,We have,1
1349,have likely,1
1350,likely already,1
1351,already hit,1
1352,hit peak,1
1353,"peak emissions,",1
1354,"emissions, and",1
1355,and will,1
1356,will likely,1
1357,likely be,1
1358,be emissionless,1
1359,emissionless in,1
1360,in 10,1
1361,10 years',1
1362,years' time,1
1363,time https://t.co/JFyxkawaH6,1
1364,Mining #Bitcoin,1
1365,#Bitcoin off,1
1366,off the,3
1367,the grid,1
1368,grid with,1
1369,with hydro-electricity,1
1370,hydro-electricity from,1
1371,from a,1
1372,a creek.,1
1373,creek. Decentralised.,1
1374,Decentralised. Unstoppable.,1
1375,Unstoppable. üí™,1
1376,üí™ https://t.co/8gaKGgkLxx,1
1377,"""Bullish. Have",1
1378,Have to,1
1379,to be.,1
1380,be. There's,1
1381,There's too,1
1382,money coming,1
1383,"coming in,""",1
1384,"in,"" says",1
1385,says @JimCramer.,1
1386,"@JimCramer. ""I",1
1387,"""I went",1
1388,went back,1
1389,back into,1
1390,into #ethereum,1
1391,#ethereum because,1
1392,because #bitcoin,1
1393,#bitcoin held,1
1394,held $30K.,1
1395,$30K. I,1
1396,like ethereum,1
1397,ethereum because,1
1398,because people,1
1399,people actually,1
1400,actually use,1
1401,use it,1
1402,it much,1
1403,much more,3
1404,more to,1
1405,be able,2
1406,able to,2
1407,to buy,4
1408,"buy things.""",1
1409,"things."" https://t.co/IIAeUL4BNL",1
1410,#Bitcoin was,2
1411,was designed,1
1412,designed to,1
1413,be impossible,1
1414,impossible to,1
1415,to stop.,1
1416,stop. Here‚Äôs,1
1417,Here‚Äôs a,2
1418,a miner,1
1419,miner off,1
1420,"the grid,",1
1421,"grid, using",1
1422,using a,1
1423,a small,1
1424,small stream,1
1425,stream as,1
1426,as a,1
1427,a power,1
1428,power source,1
1429,source and,1
1430,and pure,1
1431,pure human,1
1432,human ingenuity.,1
1433,ingenuity. https://t.co/IIzGLCfTB7,1
1434,Did you,2
1435,know you,1
1436,can buy,2
1437,buy a,1
1438,a fraction,1
1439,fraction of,1
1440,of a,1
1441,a #bitcoin?,1
1442,#bitcoin? It's,1
1443,It's called,1
1444,called a,1
1445,a satoshi,1
1446,satoshi or,1
1447,or sat,1
1448,sat for,1
1449,for short.,1
1450,short. Today,1
1451,Today you,1
1452,can own,1
1453,"own 1,000,000",1
1454,"1,000,000 satoshi",1
1455,satoshi for,1
1456,for $341.82,1
1457,$341.82 USD.,1
1458,USD. Become,1
1459,Become a,1
1460,a Satoshi,1
1461,Satoshi Millionaire,1
1462,Millionaire Today!,1
1463,BTCPay will,1
1464,will charge,1
1465,charge sellers,1
1466,sellers 0%,1
1467,0% plus,2
1468,plus 0,2
1469,0 cents,1
1470,cents to,1
1471,to process,1
1472,process transactions...,1
1473,transactions... In,1
1474,In the,1
1475,past BTCPay,1
1476,BTCPay charged,1
1477,charged 0%,1
1478,0 cents.,1
1479,cents. #bitcoin,1
1480,"""Governments don't",1
1481,don't like,1
1482,like #bitcoin,1
1483,#bitcoin ‚Ä¶,1
1484,‚Ä¶ it,1
1485,it burns,1
1486,burns them,1
1487,them that,1
1488,that people,2
1489,people can,1
1490,can get,1
1491,get out,3
1492,out of,1
1493,their fiat,1
1494,"fiat trap,",1
1495,"trap, because",1
1496,because that,1
1497,that is,4
1498,is what,2
1499,what fiat,1
1500,fiat money,1
1501,"money is,",1
1502,"is, a",1
1503,"a fraud.""",1
1504,"fraud."" #cryptocurrency",1
1505,#cryptocurrency https://t.co/RagpqIcxmZ,2
1506,#Bitcoin ATMs,1
1507,ATMs are,1
1508,are being,1
1509,being installed,1
1510,installed across,1
1511,across El,1
1512,Salvador in,1
1513,in shopping,1
1514,shopping centers,1
1515,centers and,1
1516,and gas,1
1517,"gas stations,",1
1518,"stations, in",1
1519,in major,1
1520,major cities,1
1521,cities and,1
1522,and small,1
1523,small towns.,1
1524,towns. https://t.co/IEXyJIrnAl,1
1525,‚ÄúDo not,1
1526,not go,1
1527,go where,1
1528,where the,1
1529,the path,1
1530,path may,1
1531,"may lead,",1
1532,"lead, go",1
1533,go instead,1
1534,instead where,1
1535,where there,1
1536,there is,1
1537,is no,1
1538,no path,1
1539,path and,1
1540,and leave,1
1541,leave a,1
1542,a trail.‚Äù,1
1543,trail.‚Äù -,1
1544,- Ralph,1
1545,Ralph Waldo,1
1546,Waldo Emerson,1
1547,Emerson on,1
1548,on #Bitcoin,3
1549,It costs,1
1550,costs 20-50%,1
1551,20-50% when,1
1552,when immigrants,1
1553,immigrants send,1
1554,send money,1
1555,money back,1
1556,back home,1
1557,home to,1
1558,their families.,1
1559,families. The,1
1560,The banking,2
1561,banking and,1
1562,and payments,1
1563,payments system,1
1564,system is,1
1565,is legalised,1
1566,legalised extortion.,1
1567,extortion. #Bitcoin,1
1568,#Bitcoin fixes,3
1569,fixes this.,3
1570,If you're,1
1571,you're worried,1
1572,worried that,1
1573,that China,1
1574,China is,1
1575,is planning,1
1576,planning a,1
1577,a 51%,1
1578,51% attack,1
1579,attack to,1
1580,to 'kill',1
1581,'kill' #bitcoin,1
1582,#bitcoin watch,1
1583,watch this,1
1584,this 2,1
1585,2 minute,1
1586,minute video,1
1587,video and,1
1588,and you'll,1
1589,you'll sleep,1
1590,sleep soundly,1
1591,soundly tonight.,1
1592,tonight. https://t.co/62ZkLMxli8,1
1593,Banco Azteca,1
1594,Azteca is,1
1595,to become,1
1596,become the,1
1597,first bank,5
1598,bank in,5
1599,in Mexico,6
1600,Mexico to,5
1601,to accept,6
1602,accept #Bitcoin.,1
1603,#Bitcoin. It,1
1604,It has,1
1605,has assets,1
1606,assets of,1
1607,of $7.3,1
1608,"$7.3 billion,",1
1609,"billion, deposits",1
1610,deposits of,1
1611,of over,1
1612,over $5,1
1613,$5 billion,1
1614,billion and,1
1615,and more,1
1616,"than 20,000",1
1617,"20,000 employees.",1
1618,employees. https://t.co/pkCMdqxFiA,1
1619,Elon Musk,4
1620,Musk deserves,1
1621,deserves measured,1
1622,"measured criticism,",1
1623,"criticism, but",1
1624,but let‚Äôs,1
1625,let‚Äôs not,1
1626,not forget,1
1627,forget Tesla,1
1628,Tesla owns,1
1629,owns +$1b,1
1630,+$1b #Bitcoin,1
1631,#Bitcoin because,1
1632,because of,2
1633,of him.,1
1634,him. That‚Äôs,1
1635,That‚Äôs not,1
1636,not for,1
1637,for ants!,1
1638,ants! üòÇ,1
1639,banking system,1
1640,system deliberately,1
1641,deliberately excludes,1
1642,excludes billions,1
1643,billions of,2
1644,of poor,1
1645,poor people.,1
1646,people. #Bitcoin,1
1647,CONFIRMED: Elon,1
1648,Musk and,3
1649,and Jack,2
1650,Jack Dorsey,3
1651,Dorsey will,1
1652,will discuss,1
1653,discuss #Bitcoin,1
1654,#Bitcoin at,2
1655,at the,4
1656,the ‚Äú‚Çø,1
1657,‚Äú‚Çø Word‚Äù,1
1658,Word‚Äù event,1
1659,event for,1
1660,for corporate,1
1661,corporate and,1
1662,and institutional,1
1663,institutional investors.,1
1664,investors. -,1
1665,- @TheBlock__,1
1666,I‚Äôm getting,1
1667,getting closer,1
1668,closer &amp;,1
1669,&amp; closer,1
1670,closer to,1
1671,to joining,1
1672,joining the,1
1673,the #bitcoin,3
1674,#bitcoin world.,1
1675,world. Thanks,1
1676,Thanks to,1
1677,to all,2
1678,all of,2
1679,of you,1
1680,you who,1
1681,who got,1
1682,got me,1
1683,me into,1
1684,"into @PeterMcCormack,",1
1685,"@PeterMcCormack, we",1
1686,we had,1
1687,had a,1
1688,a fantastic,1
1689,fantastic learning,1
1690,learning discussion!,1
1691,All the,1
1692,the banks,2
1693,banks are,1
1694,are coming,1
1695,coming to,1
1696,to #Bitcoin,1
1697,#Bitcoin -,3
1698,- Wells,1
1699,Wells Fargo,1
1700,Fargo -,1
1701,- Morgan,1
1702,Stanley -,1
1703,- Goldman,1
1704,Goldman Sachs,1
1705,Sachs -,1
1706,- JPMorgan,1
1707,JPMorgan -,1
1708,- Citibank,1
1709,Citibank +,1
1710,+ hundreds,1
1711,hundreds more!,1
1712,more! They‚Äôre,1
1713,They‚Äôre going,1
1714,going to,6
1715,to push,1
1716,push #Bitcoin,1
1717,to tens,1
1718,tens of,1
1719,of millions,2
1720,millions of,1
1721,of customers.,1
1722,üíß ATOLL,1
1723,ATOLL finance,1
1724,finance Airdrop,1
1725,Airdrop üíß,4
1726,üíß üèÜ,4
1727,üèÜ Task:,4
1728,Task: ‚ûï,4
1729,‚ûï Up,4
1730,Up to,4
1731,to 10,2
1732,10 ATOLL,1
1733,ATOLL (~$4),1
1734,(~$4) üë®‚Äçüë©‚Äçüëß,1
1735,üë®‚Äçüë©‚Äçüëß Referral:,4
1736,Referral: ‚ûï,4
1737,‚ûï 2,1
1738,2 ATOLL,1
1739,ATOLL (~$0.8),1
1740,(~$0.8) üîõ,1
1741,üîõ Airdrop,4
1742,Airdrop Link,4
1743,Link &amp;,4
1744,&amp; Information:,4
1745,Information: https://t.co/mem0YpvqOA,1
1746,https://t.co/mem0YpvqOA #cryptocurrency,1
1747,#cryptocurrency #BSC,4
1748,#BSC #Bitcoin,4
1749,#Bitcoin #Airdrop,4
1750,#Airdrop #ATOLLfinance,1
1751,#ATOLLfinance #ATOLL,1
1752,#ATOLL #AirdropStario,1
1753,Here's a,1
1754,a quick,2
1755,quick test:,1
1756,test: The,1
1757,The next,2
1758,next time,1
1759,time you,1
1760,are speaking,1
1761,speaking to,1
1762,to a,3
1763,#Bitcoin skeptic,1
1764,skeptic and,1
1765,and they,1
1766,they claim,1
1767,claim it,1
1768,"just ""isn't",1
1769,"""isn't real",1
1770,"real money"",",1
1771,"money"", ask",1
1772,ask them,1
1773,them to,1
1774,to explain,1
1775,explain fiat,1
1776,fiat currency.,1
1777,currency. Then,1
1778,Then sit,1
1779,sit and,1
1780,and observe...,1
1781,observe... üßê,1
1782,so happy,1
1783,happy to,1
1784,to tell,1
1785,tell you,2
1786,you about,1
1787,about @justbtc_com_ng,1
1788,@justbtc_com_ng it,1
1789,it is,2
1790,a reliable,1
1791,"reliable platform,",1
1792,"platform, where",1
1793,where they,1
1794,they trade,1
1795,"trade Bitcoin,",1
1796,"Bitcoin, giftcards",1
1797,giftcards and,1
1798,and ethereum,1
1799,ethereum 24/7,1
1800,24/7 at,1
1801,the sweetest,1
1802,sweetest rates.,1
1803,rates. Trade,1
1804,Trade on,1
1805,on https://t.co/EIOBrvb9YD,1
1806,https://t.co/EIOBrvb9YD cos,1
1807,cos it‚Äôs,1
1808,it‚Äôs 100%,1
1809,100% legit,1
1810,legit .,1
1811,. https://t.co/76iC1Xi6Px,1
1812,bitcoin Miner,1
1813,Miner di,1
1814,di China,1
1815,China terpaksa,1
1816,terpaksa memindahkan,1
1817,memindahkan operasi,1
1818,operasi mereka,1
1819,mereka ke,1
1820,ke negara,1
1821,negara lain,1
1822,lain slps,1
1823,slps china,1
1824,china menjalankan,1
1825,menjalankan operasi,1
1826,operasi menyerbu,1
1827,menyerbu bitcoin,1
1828,bitcoin miners,1
1829,"miners besar2an,",1
1830,"besar2an, menyebabkan",1
1831,menyebabkan harga,1
1832,harga bitcoin,1
1833,bitcoin tergolek.,1
1834,tergolek. Harga,1
1835,Harga BTC,1
1836,BTC memuncak,1
1837,memuncak pada,1
1838,pada US64k,1
1839,US64k &amp;,1
1840,&amp; jatuh,1
1841,jatuh ke,1
1842,ke US34k.,1
1843,"US34k. So,",1
1844,"So, sekarang",1
1845,sekarang kita,1
1846,kita tahu,1
1847,tahu market,1
1848,market mover,1
1849,mover BTC,1
1850,BTC datang,1
1851,datang dari,1
1852,dari China,1
1853,China https://t.co/NC7qz7DFqv,1
1854,Banning #Bitcoin,1
1855,#Bitcoin makes,1
1856,makes it,1
1857,it stronger.,1
1858,stronger. Banning,1
1859,Banning Bitcoin,1
1860,Bitcoin mining,1
1861,mining makes,1
1862,makes the,1
1863,network more,1
1864,more resilient.,1
1865,resilient. Future,1
1866,Future generations,1
1867,generations will,1
1868,will look,1
1869,look at,3
1870,at this,1
1871,this time,1
1872,and it‚Äôll,1
1873,it‚Äôll be,1
1874,be obvious,1
1875,obvious that,1
1876,that a,1
1877,a decentralised,1
1878,decentralised monetary,1
1879,monetary network,1
1880,at scale,1
1881,scale is,1
1882,is more,1
1883,more resilient,1
1884,resilient than,1
1885,than a,1
1886,a nation,1
1887,nation state,1
1888,state acting,1
1889,acting against,1
1890,against it.,1
1891,The best,1
1892,best time,2
1893,time to,2
1894,to prepare,1
1895,prepare for,1
1896,a crash,1
1897,crash is,1
1898,is before,1
1899,before the,1
1900,the crash.,1
1901,crash. The,1
1902,The biggest,1
1903,biggest crash,1
1904,crash in,1
1905,in world,1
1906,world history,1
1907,history is,2
1908,is coming.,1
1909,coming. The,1
1910,The good,1
1911,good news,1
1912,news is,2
1913,the best,1
1914,get rich,1
1915,is during,1
1916,during a,1
1917,a crash.,1
1918,crash. Bad,1
1919,Bad news,1
1920,next crash,1
1921,crash will,1
1922,be a,2
1923,a long,1
1924,long one.,1
1925,one. Get,1
1926,Get more,1
1927,"more gold,",1
1928,"gold, silver,",1
1929,"silver, and",1
1930,and Bitcoin,1
1931,Bitcoin while,1
1932,while you,1
1933,you can.,1
1934,can. Take,1
1935,Take care.,1
1936,‰ªäÊó•„Åã„Çâ10Êó•Èñì„ÅÆ„Åø„Éì„ÉÉ„Éà„Ç≥„Ç§„É≥ÔºàbitcoinÔºâ„ÇíÊØéÊó•„Éó„É¨„Çº„É≥„Éà„Åó„Åæ„ÅôüéÅ#ÊÆã„Çä4Êó• ÊäΩÈÅ∏„Åß1Âêç„ÅÆÊñπ„Å´,1
1937,ÊäΩÈÅ∏„Åß1Âêç„ÅÆÊñπ„Å´ „Äå10‰∏áÂÜÜÁõ∏ÂΩì„ÅÆBTC„Äç,3
1938,„Äå10‰∏áÂÜÜÁõ∏ÂΩì„ÅÆBTC„Äç „Çí„Éó„É¨„Çº„É≥„Éà„Åó„Åæ„ÅôÔºÅ,3
1939,„Çí„Éó„É¨„Çº„É≥„Éà„Åó„Åæ„ÅôÔºÅ ÂøúÂãüÊúüÈñì,3
1940,ÂøúÂãüÊúüÈñì 6Êúà28Êó•„Åæ„Åß,1
1941,6Êúà28Êó•„Åæ„Åß ÂèÇÂä†Êù°‰ª∂,1
1942,ÂèÇÂä†Êù°‰ª∂ „ÉªÂΩì„Ç¢„Ç´„Ç¶„É≥„Éà„Çí„Éï„Ç©„É≠„Éº,3
1943,„ÉªÂΩì„Ç¢„Ç´„Ç¶„É≥„Éà„Çí„Éï„Ç©„É≠„Éº „Éª„Åì„ÅÆ„ÉÑ„Ç§„Éº„Éà„ÇíRTÔºã„ÅÑ„ÅÑ„Å≠,3
1944,„Éª„Åì„ÅÆ„ÉÑ„Ç§„Éº„Éà„ÇíRTÔºã„ÅÑ„ÅÑ„Å≠ #„Éì„ÉÉ„Éà„Ç≥„Ç§„É≥,3
1945,#„Éì„ÉÉ„Éà„Ç≥„Ç§„É≥ #‰ªÆÊÉ≥ÈÄöË≤®,3
1946,A conversation,1
1947,conversation with,1
1948,with Quincy,1
1949,Quincy Jones.,1
1950,"Jones. XRP,",1
1951,"XRP, XLM,",1
1952,"XLM, XDC,",1
1953,"XDC, ALGO,",1
1954,"ALGO, Bitcoin,",1
1955,"Bitcoin, Flare,",1
1956,"Flare, Smart",1
1957,"Smart Contracts,",1
1958,"Contracts, Corda",1
1959,Corda and,1
1960,and more.,1
1961,more. https://t.co/t6wClapHAO,1
1962,Indians are,1
1963,are dropping,1
1964,dropping gold,1
1965,gold for,1
1966,for bitcoin,2
1967,bitcoin and,4
1968,and cryptocurrencies.,1
1969,cryptocurrencies. -,1
1970,- Bitcoin,1
1971,Bitcoin replaces,1
1972,replaces gold,1
1973,gold as,1
1974,as asset,1
1975,asset to,1
1976,to store,1
1977,store value,1
1978,value &amp;,1
1979,&amp; pass,1
1980,pass down,1
1981,down from,1
1982,from generation,1
1983,generation to,1
1984,to generation,1
1985,generation -,1
1986,- Government,1
1987,Government ‚Äúban‚Äù,1
1988,‚Äúban‚Äù was,1
1989,was marketing,1
1990,marketing campaign,1
1991,campaign &amp;,1
1992,&amp; led,1
1993,led to,1
1994,to increased,1
1995,increased adoption,1
1996,adoption Both,1
1997,Both trends,1
1998,trends easy,1
1999,easy to,1
2000,to anticipate,1
2001,anticipate ‚úÖ,1
2002,‚úÖ https://t.co/bX6UpPmAT0,1
2003,"""I recommend",1
2004,recommend the,2
2005,the use,4
2006,use of,4
2007,"of bitcoin,",1
2008,"bitcoin, and",1
2009,and me,2
2010,me and,2
2011,and my,3
2012,my bank,3
2013,bank are,3
2014,are working,4
2015,be the,6
2016,"accept #bitcoin,""",1
2017,"#bitcoin,"" said",1
2018,said Mexico's,1
2019,Mexico's third-richest,1
2020,third-richest man.,1
2021,man. #cryptocurrency,1
2022,Bitcoin hash,1
2023,hash rate,2
2024,rate ‚¨áÔ∏è,1
2025,‚¨áÔ∏è Bitcoin,1
2026,Bitcoin decentralization,1
2027,decentralization ‚¨ÜÔ∏è,1
2028,Billionaire Ricardo,1
2029,Ricardo Salinas,7
2030,Salinas now,1
2031,now hodls,1
2032,hodls 10%,1
2033,10% of,1
2034,of his,1
2035,his portfolio,1
2036,portfolio in,1
2037,#bitcoin by,1
2038,the way.,1
2039,way. https://t.co/CrD7LFLWlC,1
2040,Mexican billionaire,2
2041,billionaire Ricardo,2
2042,Salinas Pliego,3
2043,Pliego endorsed,2
2044,endorsed the,2
2045,of #Bitcoin,3
2046,and said,2
2047,said his,2
2048,his bank,3
2049,bank is,2
2050,is on,2
2051,way to,3
2052,to accepting,2
2053,accepting the,2
2054,the cryptocurrency,2
2055,cryptocurrency https://t.co/uy2zBtCoiY,1
2056,We‚Äôre all,1
2057,all going,1
2058,buy $30+,1
2059,$30+ of,1
2060,same time,1
2061,time on,1
2062,on September,1
2063,September 7th,1
2064,I want,2
2065,want to,6
2066,to publicly,1
2067,publicly thank,1
2068,thank Max,1
2069,Max Keiser,1
2070,Keiser for,1
2071,for abusing,1
2072,abusing me,1
2073,me on,2
2074,"on Twitter,",1
2075,"Twitter, flushing",1
2076,flushing out,1
2077,out all,1
2078,the toxic,1
2079,toxic Bitconners,1
2080,Bitconners (new,1
2081,"(new term),",1
2082,"term), allowing",1
2083,allowing me,1
2084,to block,1
2085,block a,1
2086,a couple,1
2087,couple of,1
2088,of hundred,1
2089,hundred to,1
2090,to clean,1
2091,clean up,1
2092,up my,1
2093,my feed!,1
2094,feed! Cheers,1
2095,Cheers Max.,1
2096,"Max. Meanwhile,",1
2097,"Meanwhile, I",1
2098,I love,1
2099,love bitcoin,1
2100,and love,1
2101,love the,1
2102,the digital,2
2103,digital asset,1
2104,asset space.,1
2105,space. Onwards...,1
2106,"Salinas Pliego,",1
2107,"Pliego, noted",1
2108,noted bitcoin,1
2109,bitcoin bull,1
2110,bull and,1
2111,the 166th,1
2112,166th richest,1
2113,richest person,2
2114,person in,3
2115,"the world,",1
2116,"world, said",1
2117,said he,1
2118,he is,1
2119,make his,1
2120,bank the,1
2121,first in,1
2122,accept the,1
2123,the largest,2
2124,largest cryptocurrency.,1
2125,cryptocurrency. by,1
2126,by @KReyofCoinDesk,1
2127,@KReyofCoinDesk https://t.co/TREFPyiaRI,1
2128,$245 in,1
2129,to 1,3
2130,1 person,3
2131,person if,3
2132,#BITCOIN BREAKING,1
2133,BREAKING OUT!!!,1
2134,$120 to,1
2135,to one,1
2136,one person,1
2137,in 24,1
2138,24 hours,2
2139,hours Retweet,1
2140,Retweet &amp;,1
2141,&amp; follow,1
2142,follow @Crypto_Fridays,1
2143,@Crypto_Fridays &amp;,1
2144,&amp; @BitcoinSorority,1
2145,@BitcoinSorority #crypto,1
2146,#crypto #cryptocurrency,1
2147,#cryptocurrency #cryptoart,1
2148,#cryptoart #cryptocurrencies,1
2149,#cryptocurrencies #cryptonews,1
2150,#cryptonews #cryptotwitter,1
2151,#cryptotwitter #cryptotrading,1
2152,#cryptotrading #cryptogiveaway,1
2153,#cryptogiveaway #cryptomoonshots,1
2154,#cryptomoonshots #cryptocrash,1
2155,#cryptocrash #Bitcoin,1
2156,#Bitcoin #BitcoinCrash,1
2157,"JPMorgan: ""the",1
2158,"""the crackdown",1
2159,crackdown on,1
2160,on mining,1
2161,mining operations,1
2162,operations in,1
2163,in China,1
2164,China should,1
2165,should be,3
2166,be considered,1
2167,considered as,1
2168,as positive,1
2169,positive for,1
2170,the medium,1
2171,medium term,1
2172,term as,1
2173,as it,1
2174,it accelerates,1
2175,accelerates a,1
2176,a shift,1
2177,shift away,1
2178,away from,1
2179,from China‚Äôs,1
2180,China‚Äôs high,1
2181,high share,1
2182,share in,1
2183,in bitcoin‚Äôs,1
2184,bitcoin‚Äôs hash,1
2185,"hash rate,",1
2186,"rate, reducing",1
2187,"reducing concentration.""",1
2188,"concentration."" They",1
2189,They finally,1
2190,finally caught,1
2191,caught up,1
2192,up https://t.co/fyq2fmwiUS,1
2193,#Bitcoin just,2
2194,just popped!,1
2195,popped! üí•,1
2196,üí• üöÄ,1
2197,üöÄ https://t.co/VKvLkGeamQ,1
2198,@RicardoBSalinas Thank,1
2199,Thank you.,1
2200,you. The,1
2201,next chapter,1
2202,chapter of,1
2203,"of ""The",1
2204,"""The Mobile",1
2205,"Mobile Wave""",1
2206,"Wave"" is",1
2207,is #Bitcoin,1
2208,and #Lightning,1
2209,#Lightning on,1
2210,on billions,1
2211,of mobile,1
2212,"mobile devices,",1
2213,"devices, providing",1
2214,providing digital,1
2215,digital property,2
2216,property rights,2
2217,rights and,1
2218,and economic,1
2219,economic empowerment,1
2220,empowerment to,1
2221,to everyone,1
2222,everyone on,1
2223,on earth.üåç,1
2224,earth.üåç It,1
2225,It will,1
2226,most exciting‚ö°Ô∏èchapter,1
2227,exciting‚ö°Ô∏èchapter yet...,1
2228,For the,1
2229,time in,1
2230,in modern,2
2231,modern history,2
2232,history the,1
2233,the free,1
2234,free market,1
2235,market will,1
2236,will determine,1
2237,determine the,1
2238,the world's,1
2239,world's next,1
2240,next reserve,1
2241,reserve currency.,1
2242,currency. #Bitcoin,1
2243,#Bitcoin https://t.co/kTsl8ezHhc,1
2244,The first,1
2245,first country,1
2246,country #ElSalvador,1
2247,#ElSalvador in,1
2248,world to,2
2249,to adopt,2
2250,adopt #Bitcoin,1
2251,#Bitcoin as,1
2252,as their,1
2253,their official,1
2254,"official currency,",1
2255,"currency, embraced",1
2256,embraced #BTC,1
2257,#BTC so,1
2258,so that,1
2259,people could,1
2260,could pay,1
2261,pay for,1
2262,for their,1
2263,their coffee,1
2264,coffee with,2
2265,with it.,1
2266,it. They,1
2267,They did,1
2268,did not,1
2269,not buy,1
2270,buy #BTC,1
2271,#BTC just,1
2272,just to,1
2273,to stash,1
2274,stash it,1
2275,it in,2
2276,in their,1
2277,their central,1
2278,central bank.,1
2279,bank. We,1
2280,We hope,1
2281,hope the,1
2282,the ramifications,1
2283,ramifications of,1
2284,this are,1
2285,are not,2
2286,lost on,1
2287,on everyone.,1
2288,Fed has,1
2289,has been,2
2290,been discussing,1
2291,discussing BTC,1
2292,BTC with,1
2293,with its,1
2294,its external,1
2295,external market,1
2296,market advisors?,1
2297,advisors? From,1
2298,From the,1
2299,the NY,1
2300,NY Fed's,1
2301,Fed's meeting,1
2302,meeting on,1
2303,on Feb,1
2304,Feb 10:,1
2305,"10: ""Some",1
2306,"""Some committee",1
2307,committee attendees,1
2308,attendees saw,1
2309,saw bitcoin,1
2310,bitcoin (and,1
2311,(and other,1
2312,other crypto,1
2313,crypto currencies),1
2314,currencies) as,1
2315,as an,1
2316,an alternative,1
2317,alternative store,1
2318,store of,1
2319,"of wealth,",1
2320,"wealth, comparable",1
2321,comparable to,1
2322,to traditional,1
2323,traditional ones,1
2324,ones such,1
2325,such as,1
2326,"as gold.""",1
2327,"gold."" The",1
2328,The full...,1
2329,üíß BidFever,1
2330,BidFever Airdrop,1
2331,to 1500,1
2332,1500 BDF,1
2333,BDF (~$5.1),1
2334,(~$5.1) üë®‚Äçüë©‚Äçüëß,1
2335,‚ûï 150,1
2336,150 BDF,1
2337,BDF (~$0.51),1
2338,(~$0.51) üîõ,1
2339,Information: h,2
2340,h https://t.me/AirdropStar/1584,1
2341,https://t.me/AirdropStar/1584 #cryptocurrency,1
2342,#Airdrop #BDF,1
2343,#BDF #BidFever,1
2344,#BidFever #AirdropStario,1
2345,is an,2
2346,an asset,1
2347,asset that,1
2348,is traded,1
2349,traded with,1
2350,with enormous,1
2351,enormous liquidity,1
2352,liquidity on,1
2353,a global,1
2354,"global level,",1
2355,"level, and",1
2356,and that,1
2357,is enough,1
2358,enough reason,1
2359,reason to,1
2360,be part,2
2361,part of,2
2362,of every,2
2363,"every portfolio,",1
2364,"portfolio, period.",1
2365,period. -,1
2366,- Ricardo,4
2367,Salinas Mexico‚Äôs,1
2368,Mexico‚Äôs 3rd,4
2369,3rd richest,5
2370,richest man.,3
2371,Huge news,2
2372,news from,2
2373,from this,2
2374,this week!,2
2375,week! Huge,2
2376,Huge news!,2
2377,news! Spain‚Äôs,2
2378,Spain‚Äôs second-largest,2
2379,"second-largest bank,",2
2380,"bank, BBVA,",2
2381,"BBVA, will",2
2382,will begin,2
2383,begin offering,2
2384,offering Bitcoin,2
2385,Bitcoin trading,2
2386,trading and,2
2387,and custody,2
2388,custody to,2
2389,to private,2
2390,private banking,2
2391,banking clients,2
2392,clients in,2
2393,in Switzerland.,2
2394,Switzerland. Are,2
2395,Are you,2
2396,you excited,2
2397,excited about,2
2398,about banks,2
2399,banks adding,2
2400,adding BTC?,1
2401,BTC? https://t.co/XSFY6FA1ph,1
2402,The negative,1
2403,negative fake,1
2404,fake news,1
2405,news barrage,1
2406,barrage against,1
2407,against #bitcoin,1
2408,#bitcoin and,2
2409,crypto in,1
2410,past few,1
2411,few months,1
2412,months has,1
2413,been absolutely,1
2414,absolutely astounding.,1
2415,Bitcoin‚Äôi 2011,1
2416,2011 gibi,1
2417,gibi erken,1
2418,erken d√∂nemde,1
2419,d√∂nemde benimseyenlerden,1
2420,benimseyenlerden biri,1
2421,biri olan,1
2422,olan ve,1
2423,ve Bitcoin,1
2424,Bitcoin ile,1
2425,ile ilgili,1
2426,ilgili √ßalƒ±≈ümalarƒ±yla,1
2427,√ßalƒ±≈ümalarƒ±yla bilinen,1
2428,bilinen Mircea,1
2429,Mircea Popescu‚Äônun,1
2430,Popescu‚Äônun Kosta,1
2431,Kosta Rika‚Äôda,1
2432,Rika‚Äôda denizde,1
2433,denizde boƒüularak,1
2434,boƒüularak hayatƒ±nƒ±,1
2435,hayatƒ±nƒ± kaybettiƒüi,1
2436,kaybettiƒüi bildiriliyor.,1
2437,bildiriliyor. https://t.co/OpxKq4P9Da,1
2438,For #bitcoin,1
2439,"#bitcoin miners,",1
2440,"miners, we‚Äôre",1
2441,we‚Äôre about,1
2442,about to,1
2443,to see,2
2444,see the,1
2445,largest difficulty,1
2446,difficulty drop,1
2447,drop EVER,1
2448,EVER this,1
2449,this upcoming,1
2450,upcoming week,1
2451,week (Over,1
2452,(Over 20%)!,1
2453,20%)! Here‚Äôs,1
2454,quick thread,1
2455,thread to,1
2456,get everyone,1
2457,everyone up,1
2458,up to,2
2459,to speed!,1
2460,speed! üëáüëá,1
2461,$2000 in,1
2462,to 4,1
2463,4 people,1
2464,of Bitcoin,2
2465,Bitcoin and,3
2466,cryptocurrency https://t.co/2Yh4kgY4bm,1
2467,es una,1
2468,una buena,1
2469,buena forma,1
2470,forma de,1
2471,de diversificar,1
2472,diversificar tu,1
2473,tu portafolio,1
2474,portafolio de,1
2475,de inversi√≥n,1
2476,inversi√≥n y,1
2477,y creo,1
2478,creo que,1
2479,que cualquier,1
2480,cualquier inversionista,1
2481,inversionista deber√≠a,1
2482,deber√≠a ponerse,1
2483,ponerse a,1
2484,a estudiar,1
2485,estudiar sobre,1
2486,sobre las,1
2487,las cryptomonedas,1
2488,cryptomonedas y,1
2489,y su,1
2490,su futuro.,1
2491,futuro. En,1
2492,En @BancoAzteca,1
2493,@BancoAzteca estamos,1
2494,estamos trabajando,1
2495,trabajando para,1
2496,para traerlas,1
2497,traerlas a,1
2498,a nuestros,1
2499,nuestros clientes,1
2500,clientes y,1
2501,y seguir,1
2502,seguir promoviendo,1
2503,promoviendo la,1
2504,la libertad,1
2505,libertad üòåüòé,1
2506,üòåüòé https://t.co/bZ51FB2vKw,1
2507,If $30k,1
2508,$30k continues,1
2509,continues to,1
2510,"to hold,",1
2511,"hold, we‚Äôll",1
2512,we‚Äôll likely,1
2513,likely break,1
2514,break $100k,1
2515,$100k #Bitcoin,1
2516,#Bitcoin this,2
2517,this year!,1
2518,My bank,1
2519,bank &amp;,1
2520,&amp; I,1
2521,I are,1
2522,"Ricardo Salinas,",3
2523,"Salinas, Mexico‚Äôs",1
2524,are 46.8,1
2525,46.8 million,1
2526,million millionaires,1
2527,millionaires in,1
2528,the world.,1
2529,world. There,1
2530,are only,1
2531,only 21,1
2532,21 million,2
2533,million #Bitcoin,1
2534,#Bitcoin ‚Äî,1
2535,‚Äî less,1
2536,less than,1
2537,than half,1
2538,half will,1
2539,will ever,1
2540,ever be,1
2541,to own,1
2542,own 1,1
2543,1 bitcoin.,1
2544,bitcoin. Don't,1
2545,Don't miss,1
2546,miss the,1
2547,the revolution.,1
2548,This short,1
2549,short video,1
2550,video is,1
2551,is worth,1
2552,"worth watching,",1
2553,"watching, esp",1
2554,esp for,1
2555,for #bitcoin,1
2556,#bitcoin critics,1
2557,critics &amp;,1
2558,&amp; critics,1
2559,critics of,1
2560,of #ElSalvador‚Äôs,1
2561,#ElSalvador‚Äôs policy,1
2562,policy decision,1
2563,decision to,1
2564,adopt bitcoin.,1
2565,bitcoin. Thanks,1
2566,Thanks for,1
2567,for getting,1
2568,getting this,1
2569,this movement,1
2570,movement started,1
2571,started in,1
2572,in El,2
2573,"El Zonte,",1
2574,"Zonte, @Bitcoinbeach!",1
2575,is changing,1
2576,changing lives,1
2577,lives in,1
2578,üá∏üáª https://t.co/GiVR3qyqx7,1
2579,üíß Kitten,1
2580,Kitten World,1
2581,World Airdrop,1
2582,to 30,1
2583,30 KIT,1
2584,KIT (~$70),1
2585,(~$70) üë®‚Äçüë©‚Äçüëß,1
2586,‚ûï 5,1
2587,5 KIT,1
2588,KIT (~$11.6),1
2589,(~$11.6) üîõ,1
2590,Information: https://t.co/Ew3ltr6vd7,1
2591,https://t.co/Ew3ltr6vd7 #cryptocurrency,1
2592,#Airdrop #KIT,1
2593,#KIT #KittenWorld,1
2594,#KittenWorld #AirdropStario,1
2595,CNBC told,1
2596,told you,1
2597,you to,3
2598,buy Bitcoin,2
2599,Bitcoin at,1
2600,"at $60,000.",1
2601,"$60,000. Now",1
2602,Now they,1
2603,they tell,1
2604,to sell,1
2605,sell at,1
2606,"at $30,000.",1
2607,"$30,000. When",1
2608,When will,1
2609,will these,1
2610,these clowns,1
2611,clowns understand,1
2612,understand that,1
2613,that this,1
2614,an accumulation,1
2615,accumulation game?Price,1
2616,game?Price doesn‚Äôt,1
2617,doesn‚Äôt matter.,1
2618,While the,1
2619,the children,1
2620,children have,1
2621,have been,2
2622,been telling,1
2623,telling you,1
2624,"and ""Short",1
2625,"""Short The",1
2626,"The Banks""",1
2627,"Banks"" the",1
2628,the adults,1
2629,adults have,1
2630,been working,1
2631,working with,1
2632,banks to,1
2633,to build,1
2634,build a,1
2635,new financial,1
2636,financial system,1
2637,system #xrp,1
2638,#xrp #xlm,1
2639,#xlm https://t.co/oIeuWa9tc1,1
2640,Hubiera sido,1
2641,sido bueno,1
2642,bueno que,1
2643,que los,1
2644,los diputados,1
2645,diputados analizaran,1
2646,analizaran los,1
2647,los beneficios,1
2648,beneficios y,1
2649,y las,1
2650,las consecuencias,1
2651,consecuencias de,1
2652,la ley,1
2653,ley Bitcoin,1
2654,Bitcoin antes,1
2655,antes de,1
2656,de aprobarla,1
2657,aprobarla a,1
2658,a la,1
2659,la carrera.,1
2660,carrera. ü§¶üèº‚Äç‚ôÇÔ∏è,1
2661,ü§¶üèº‚Äç‚ôÇÔ∏è Por,1
2662,Por eso,1
2663,eso el,1
2664,el proceso,1
2665,proceso de,1
2666,de formaci√≥n,1
2667,formaci√≥n de,1
2668,de leyes,1
2669,leyes exige,1
2670,exige discusi√≥n,1
2671,discusi√≥n en,1
2672,las comisiones,1
2673,comisiones invitando,1
2674,invitando a,1
2675,a escuchar,1
2676,escuchar a,1
2677,a expertos,1
2678,expertos en,1
2679,en cada,1
2680,cada tema.,1
2681,What happens,1
2682,happens when,1
2683,when Texas,1
2684,Texas owns,1
2685,owns most,1
2686,most of,1
2687,#bitcoin hash,1
2688,hash power,1
2689,power instead,1
2690,of China?,1
2691,@criptobastardo Cheerful,1
2692,Cheerful consistency,1
2693,consistency and,1
2694,and constructive,1
2695,constructive engagement,1
2696,engagement is,1
2697,is how,1
2698,how we,1
2699,we win,1
2700,win over,1
2701,to our,1
2702,our cause.,1
2703,cause. #Bitcoin,1
2704,is hope,1
2705,hope for,1
2706,for Venezuela.,1
2707,Venezuela. I,1
2708,I look,1
2709,look forward,1
2710,forward to,1
2711,the interview.,1
2712,interview. Let's,1
2713,Let's do,1
2714,do it.,2
2715,it. üòÄüåéüî•,1
2716,China's $1,1
2717,$1 Trillion,1
2718,"Trillion mistake,",1
2719,"mistake, #Bitcoin",1
2720,#Bitcoin miners,1
2721,miners being,1
2722,being shipped,1
2723,shipped away.,1
2724,away. https://t.co/wxoO9BMDUy,1
2725,Say goodbye,1
2726,goodbye to,1
2727,to Bitcoin,1
2728,and hello,1
2729,hello to,1
2730,digital dollar:,1
2731,dollar: https://t.co/00Vw27tver,1
2732,https://t.co/00Vw27tver https://t.co/vcMsTuWIBu,1
2733,the new,2
2734,"new gold,",2
2735,"gold, but",2
2736,but much,1
2737,more portable.,1
2738,portable. -,1
2739,"Salinas, Mexico's",1
2740,Mexico's 3rd,1
2741,‚ÄúIt is,1
2742,is never,1
2743,never too,1
2744,too late,1
2745,late to,1
2746,be what,1
2747,what you,2
2748,you might,1
2749,might have,1
2750,have been.‚Äù,1
2751,been.‚Äù -,1
2752,- George,1
2753,George Eliot,1
2754,Eliot on,1
2755,"Salinas, third",1
2756,third richest,1
2757,"in Mexico,",2
2758,"Mexico, ""Me",1
2759,"""Me and",1
2760,Mexico üá≤üáΩ,1
2761,üá≤üáΩ to,1
2762,"accept #Bitcoin""",1
2763,Fiat is,2
2764,"a fraud,",1
2765,"fraud, buy",1
2766,buy #Bitcoin,1
2767,#Bitcoin says,1
2768,says Billionaire,1
2769,Billionaire Salinas:,1
2770,"Salinas: ‚ÄúLook,",1
2771,"‚ÄúLook, I",1
2772,I started,1
2773,started my,1
2774,my career,1
2775,career in,1
2776,"in 1981,",1
2777,"1981, Mexican",1
2778,Mexican Peso,1
2779,Peso was,1
2780,was 20,1
2781,20 to,1
2782,to $1.,1
2783,$1. Today,1
2784,Today we,1
2785,we are,1
2786,are at,1
2787,"at 20,000",1
2788,"20,000 to",1
2789,to 1.,1
2790,1. ‚ÄúAnd,1
2791,‚ÄúAnd that,1
2792,is in,1
2793,"Mexico, but",1
2794,but if,1
2795,if we,2
2796,we look,1
2797,"at Venezuela,",1
2798,"Venezuela, Argentina",1
2799,Argentina or,1
2800,"or Zimbabwe,",1
2801,"Zimbabwe, numbers",1
2802,numbers lose,1
2803,lose all,1
2804,all proportions.‚Äù,1
2805,proportions.‚Äù https://t.co/KSIzo86xcd,1
2806,https://t.co/KSIzo86xcd https://t.co/oJEmCGVF21,1
2807,RIP Mircea,1
2808,Mircea Popescu,1
2809,Popescu (1980,1
2810,(1980 ‚Äì,1
2811,‚Äì 2021),1
2812,2021) Called,1
2813,"Called ""The",1
2814,"""The Father",1
2815,Father of,1
2816,"Bitcoin Toxicity""",1
2817,"Toxicity"" by",1
2818,"by some,",1
2819,"some, Mircea",1
2820,Mircea will,1
2821,will endure,1
2822,endure as,1
2823,as one,1
2824,one of,2
2825,of #Bitcoin's,1
2826,#Bitcoin's most,1
2827,most vilified,1
2828,vilified figures,1
2829,figures and,1
2830,and inarguably,1
2831,inarguably one,1
2832,of its,1
2833,its greatest,1
2834,greatest philosophers.,1
2835,philosophers. In,1
2836,"In memory,",1
2837,"memory, a",1
2838,a collection,1
2839,collection of,1
2840,of my,1
2841,my favorite,1
2842,favorite MP,1
2843,MP quotes,1
2844,quotes below.,1
2845,below. https://t.co/KMoIfKGeSk,1
2846,1/ #BITCOIN,1
2847,"#BITCOIN thread,",1
2848,"thread, monthly",1
2849,monthly update,1
2850,update Sentiment:,1
2851,Sentiment: Bearishüò°,1
2852,Bearishüò° Price,1
2853,Price Action:,1
2854,Action: Bearishüìâ,1
2855,Bearishüìâ Investors:,1
2856,Investors: Angry/Scared/Rektü§í,1
2857,Angry/Scared/Rektü§í Is,1
2858,Is it,1
2859,it all,1
2860,all over?,1
2861,over? Let‚Äôs,1
2862,Let‚Äôs look,1
2863,at certain,1
2864,"certain data,",1
2865,"data, to",1
2866,to paint,1
2867,paint a,1
2868,a picture,1
2869,picture of,1
2870,the current,3
2871,current state,1
2872,state of,1
2873,the market.,1
2874,market. I,1
2875,I hope,1
2876,hope it,1
2877,it helps!üî•‚úåÔ∏è,1
2878,helps!üî•‚úåÔ∏è 1/43,1
2879,1/43 https://t.co/raJm7jv3Mk,1
2880,#Bitcoin conference,1
2881,conference üòÇ,1
2882,üòÇ https://t.co/VAIei9KAg1,1
2883,Interviewer: ‚ÄúIf,1
2884,‚ÄúIf you,1
2885,you could,1
2886,could choose,1
2887,choose an,1
2888,"an asset,",1
2889,"asset, or",1
2890,or money,1
2891,money to,1
2892,to take,2
2893,take 30,1
2894,30 years,1
2895,years in,1
2896,in to,1
2897,"the future,",1
2898,"future, what",1
2899,what would,1
2900,would you,1
2901,you take?‚Äù,1
2902,take?‚Äù Mexico‚Äôs,1
2903,"richest billionaire,",1
2904,"billionaire, Ricardo",1
2905,Salinas Pliego:,1
2906,Pliego: ‚ÄúNo,1
2907,‚ÄúNo paper,1
2908,paper bills,1
2909,bills ‚Ä¶,1
2910,‚Ä¶ no,1
2911,no stinky,1
2912,stinky fiat.,1
2913,fiat. I,1
2914,I would,1
2915,would take,1
2916,take #Bitcoin.‚Äù,1
2917,#Bitcoin.‚Äù https://t.co/PZe980Nblb,1
2918,"richest man,",1
2919,"man, @RicardoBSalinas",1
2920,@RicardoBSalinas says:,1
2921,says: ‚Ä¢,1
2922,‚Ä¢ Fiat,1
2923,a fraud;,1
2924,fraud; ‚Ä¢,1
2925,‚Ä¢ I,1
2926,I will,2
2927,hold #Bitcoin,1
2928,#Bitcoin for,1
2929,for 30,1
2930,30 years.,2
2931,years. This,1
2932,way üôå,1
2933,üôå https://t.co/h8nsvcf6Nk,1
2934,You can‚Äôt,1
2935,can‚Äôt kill,1
2936,kill #Bitcoin,1
2937,#Bitcoin China,1
2938,China tried,2
2939,tried and,1
2940,and failed,1
2941,failed üí™,1
2942,The hash,1
2943,rate has,1
2944,has dropped,1
2945,dropped by,1
2946,by 45%,1
2947,45% and,1
2948,and #Bitcoin,1
2949,just keeps,1
2950,keeps working,1
2951,working -,1
2952,- like,1
2953,like clockwork,1
2954,clockwork üôå,1
2955,üôå üòâ,1
2956,üòâ https://t.co/16PKLEvGMT,1
2957,‚ö†Ô∏èBREAKING: *UK,1
2958,*UK FINANCIAL,1
2959,FINANCIAL REGULATOR,1
2960,REGULATOR BANS,1
2961,BANS CRYPTO,1
2962,CRYPTO EXCHANGE,1
2963,EXCHANGE BINANCE,1
2964,BINANCE FROM,1
2965,FROM UK,1
2966,UK -,1
2967,- https://t.co/Fr1U8DbsFQ,1
2968,https://t.co/Fr1U8DbsFQ #BTC,1
2969,#BTC #BITCOIN,1
2970,#BITCOIN https://t.co/R5gu7DiU0s,1
2971,üíß MoonFarmer,1
2972,MoonFarmer Airdrop,1
2973,5 Million,1
2974,Million MFM,1
2975,MFM üë®‚Äçüë©‚Äçüëß,1
2976,"‚ûï 500,000",1
2977,"500,000 MFM",1
2978,MFM üîõ,1
2979,h https://t.me/AirdropStar/1580,1
2980,https://t.me/AirdropStar/1580 #cryptocurrency,1
2981,#Airdrop #MFM,1
2982,#MFM #MoonFarmer,1
2983,#MoonFarmer #AirdropStario,1
2984,#bitcoin: short,1
2985,short term,3
2986,"term volatile,",1
2987,"volatile, long",1
2988,long term,1
2989,term trending,1
2990,trending up,1
2991,up https://t.co/bEhhaestKr,1
2992,At the,1
2993,the upcoming,1
2994,upcoming #bitcoin,1
2995,#bitcoin event,2
2996,"event ""The",1
2997,"""The B",2
2998,"B Word,""",1
2999,"Word,"" Elon",1
3000,Dorsey have,2
3001,have agreed,2
3002,agreed to,2
3003,"have ""the",2
3004,"""the talk.""",1
3005,"talk."" #cryptocurrency",1
3006,#cryptocurrency https://t.co/FIxq61wLsT,1
3007,‰ªäÊó•„Åã„Çâ10Êó•Èñì„ÅÆ„Åø„Éì„ÉÉ„Éà„Ç≥„Ç§„É≥ÔºàbitcoinÔºâ„ÇíÊØéÊó•„Éó„É¨„Çº„É≥„Éà„Åó„Åæ„ÅôüéÅ#ÊÆã„Çä5Êó• ÊäΩÈÅ∏„Åß1Âêç„ÅÆÊñπ„Å´,1
3008,ÂøúÂãüÊúüÈñì 6Êúà27Êó•„Åæ„Åß,1
3009,6Êúà27Êó•„Åæ„Åß ÂèÇÂä†Êù°‰ª∂,1
3010,According to,1
3011,to this,1
3012,this #Bitcoin,1
3013,"#Bitcoin analysis,",1
3014,"analysis, if",1
3015,we factor,1
3016,factor in,1
3017,in that,1
3018,that the,1
3019,the bull,1
3020,bull cycles,1
3021,cycles are,1
3022,are getting,1
3023,getting longer,1
3024,longer and,1
3025,"and longer,",1
3026,"longer, then",1
3027,then that,1
3028,that would,1
3029,would give,1
3030,give us,1
3031,us a,1
3032,a blow-off,1
3033,blow-off top,1
3034,top between,1
3035,between November,1
3036,November 2021,1
3037,2021 and,1
3038,and September,1
3039,September 2022,1
3040,2022 with,1
3041,a price,1
3042,"of $300,000",1
3043,"$300,000 -",1
3044,"- $558,000.",1
3045,"$558,000. Don‚Äôt",1
3046,Don‚Äôt panic,1
3047,panic because,1
3048,this correction!,1
3049,correction! https://t.co/T0x6w0xoYk,1
3050,#Bitcoin miner,1
3051,miner outflows,1
3052,outflows hit,1
3053,hit a,1
3054,a 5-year,1
3055,5-year low,1
3056,low yesterday.,1
3057,yesterday. Miners,1
3058,Miners are,1
3059,not selling,1
3060,selling much,1
3061,much these,1
3062,these days.,1
3063,days. https://t.co/AXOFdbYMTc,1
3064,"@michael_saylor Sure,",1
3065,"Sure, I",1
3066,I recommend,1
3067,"of #Bitcoin,",1
3068,"#Bitcoin, and",1
3069,"accept #Bitcoin,",1
3070,"#Bitcoin, if",1
3071,if you,1
3072,you need,5
3073,need more,1
3074,more details,1
3075,details or,1
3076,or information,1
3077,information follow,1
3078,follow me,1
3079,on my,1
3080,my Twitter,1
3081,Twitter account,1
3082,account üòå.,1
3083,That‚Äôs totally,1
3084,"totally right,",1
3085,"right, #Bitcoin",1
3086,but too,1
3087,"more portable,",1
3088,"portable, transport",1
3089,transport #Bitcoin,1
3090,is so,1
3091,so much,1
3092,much easier,1
3093,easier than,1
3094,than having,1
3095,having your,1
3096,your in,1
3097,in pockets,1
3098,pockets gold,1
3099,gold bars,1
3100,bars ü§™‚Ä¶,1
3101,ü§™‚Ä¶ and,1
3102,and i,1
3103,i know,1
3104,that I‚Äôm,1
3105,I‚Äôm going,1
3106,be attacked,1
3107,attacked by,1
3108,by gold,1
3109,gold lovers,1
3110,lovers üòúüòå,1
3111,Bitcoin v,1
3112,v Ripple,1
3113,Ripple https://t.co/YlU1Plry8t,1
3114,$240 in,1
3115,I wake,1
3116,wake up,1
3117,to 240k.,1
3118,240k. Just,1
3119,When everyone,1
3120,everyone is,3
3121,is talking,2
3122,talking about,2
3123,about #bitcoin‚Äôs,1
3124,"#bitcoin‚Äôs problems,",1
3125,"problems, that‚Äôs",1
3126,that‚Äôs when,1
3127,when you,1
3128,"you ___,",1
3129,"___, because",1
3130,because everyone,1
3131,about #bitcoin.,1
3132,Bottom‚Äôs in,1
3133,in y‚Äôall.,1
3134,y‚Äôall. Teen,1
3135,Teen Executive,1
3136,Executive buying,1
3137,buying Bitcoin.,1
3138,Bitcoin. https://t.co/QAo2m5CJcX,1
3139,"""Asymmetric opportunities:",1
3140,opportunities: Invest,1
3141,Invest in,1
3142,in startups,1
3143,startups Start,1
3144,Start a,1
3145,a company,1
3146,company Create,1
3147,Create a,2
3148,"a book,",1
3149,"book, podcast,",1
3150,"podcast, video",1
3151,video Create,1
3152,a (software),1
3153,(software) product,1
3154,product Go,1
3155,Go on,1
3156,on many,1
3157,many first,1
3158,first dates,1
3159,dates Go,1
3160,Go to,1
3161,a cocktail,1
3162,cocktail party,1
3163,party Read,1
3164,Read a,1
3165,a Lindy,1
3166,Lindy book,1
3167,book Move,1
3168,Move to,1
3169,a big,1
3170,big city,1
3171,city Buy,1
3172,Buy Bitcoin,1
3173,"Bitcoin Tweet.""",1
3174,"Tweet."" @naval",1
3175,Nothing is,1
3176,is as,1
3177,as certain,1
3178,certain as,1
3179,as 21,1
3180,million bitcoin.,1
3181,bitcoin. https://t.co/7wy7wG3Jqa,1
3182,Bitcoin isn't,1
3183,isn't just,1
3184,just going,1
3185,"to zero,",1
3186,"zero, it's",1
3187,it's going,1
3188,to six,1
3189,six zeros,1
3190,zeros with,1
3191,a one,1
3192,one in,1
3193,in front,1
3194,front of,1
3195,of it.,1
3196,Why Nassim,1
3197,Nassim Taleb,1
3198,Taleb Thinks,1
3199,Thinks Bitcoin,1
3200,is Going,1
3201,Going to,1
3202,to Zero,1
3203,Zero Dollars:,1
3204,Dollars: Explained,1
3205,Explained in,1
3206,in 4,1
3207,4 Minutes,1
3208,Minutes https://t.co/G4Bn7Dqy33,1
3209,https://t.co/G4Bn7Dqy33 #bitcoin,1
3210,#bitcoin #bitcoinblackpaper,1
3211,#bitcoinblackpaper #BitcoinCrash,1
3212,#BitcoinCrash #BTCUSD,1
3213,are hoping,1
3214,hoping to,1
3215,to preserve,1
3216,preserve your,1
3217,your wealth,1
3218,wealth for,1
3219,"a generation,",1
3220,"generation, @RicardoBSalinas",1
3221,@RicardoBSalinas suggests,1
3222,suggests you,1
3223,you invest,1
3224,invest in,2
3225,in #bitcoin.,1
3226,#bitcoin. The,1
3227,The strategy,1
3228,strategy is,1
3229,is simple,1
3230,simple -,1
3231,- choose,1
3232,choose the,1
3233,the highest,1
3234,highest quality,1
3235,quality asset,1
3236,asset you,1
3237,can find,1
3238,find and,1
3239,and #hodl.,1
3240,"2008: idea,",1
3241,"idea, 1",1
3242,1 CPU,1
3243,CPU =,1
3244,= 1,1
3245,1 vote,1
3246,vote 2021:,1
3247,2021: mining,1
3248,mining becomes,1
3249,becomes a,1
3250,a geopolitical,1
3251,geopolitical decision,1
3252,decision concerning,1
3253,concerning monetary,1
3254,monetary policy,1
3255,policy and,1
3256,the wealth,1
3257,wealth of,1
3258,of nations,1
3259,nations There‚Äôs,1
3260,There‚Äôs a,1
3261,a trajectory,1
3262,trajectory worth,1
3263,worth observing,1
3264,observing here.,1
3265,here. And,1
3266,And I,1
3267,I notice,1
3268,notice that,1
3269,is still,1
3270,still only,1
3271,only at,1
3272,at 2%,1
3273,2% global,1
3274,global adoption.,1
3275,Here is,1
3276,a video,1
3277,video of,1
3278,of Mexico‚Äôs,1
3279,Mexico‚Äôs third,1
3280,third wealthiest,1
3281,wealthiest man,1
3282,man explaining,1
3283,explaining why,1
3284,why he,1
3285,he believes,1
3286,believes all,1
3287,all fiat,1
3288,fiat currencies,1
3289,currencies are,2
3290,are a,1
3291,a fraud,1
3292,fraud and,1
3293,and he,1
3294,he wants,1
3295,wants to,1
3296,to hold,1
3297,hold bitcoin,1
3298,next 30,1
3299,years. Incredible,1
3300,Incredible to,1
3301,see this,1
3302,this from,1
3303,from @RicardoBSalinas,1
3304,@RicardoBSalinas given,1
3305,given his,1
3306,his historic,1
3307,historic wealth,1
3308,wealth and,1
3309,and success.,1
3310,success. https://t.co/FDVPxgWfFj,1
3311,Tesla CEO,1
3312,CEO Elon,1
3313,and Twitter,1
3314,Twitter CEO,1
3315,CEO Jack,1
3316,"""the talk""",1
3317,"talk"" at",1
3318,event called,1
3319,"called ""The",1
3320,"B Word.""",1
3321,"Word."" #cryptocurrency",1
3322,#cryptocurrency #elonmusk,1
3323,#elonmusk https://t.co/FIxq61wLsT,1
3324,tried to,1
3325,to kill,1
3326,kill #bitcoin,1
3327,and it,1
3328,it didn't,1
3329,didn't die.,1
3330,die. Let,1
3331,Let that,1
3332,that sink,1
3333,sink in,1
3334,in and,1
3335,and then,2
3336,then act,1
3337,act accordingly.,1
3338,is love,1
3339,love https://t.co/vZjRPMNCVJ,1
3340,Be the,1
3341,the person,2
3342,person that,1
3343,has $100k,1
3344,$100k in,1
3345,and a,1
3346,a $10k,1
3347,$10k car.,1
3348,car. Don‚Äôt,1
3349,Don‚Äôt be,1
3350,person with,1
3351,a $100k,1
3352,$100k car,1
3353,car and,1
3354,and $10k,1
3355,$10k in,1
3356,"""#Bitcoin should",1
3357,every investor's,1
3358,"investor's portfolio""",1
3359,"portfolio"" ""The",1
3360,"""The fraud",1
3361,fraud FIAT,1
3362,FIAT is,1
3363,is inherent,1
3364,inherent to,1
3365,the FIAT,1
3366,FIAT system,1
3367,system and,1
3368,and we,1
3369,we can,1
3370,can see,1
3371,see it,1
3372,it today,1
3373,today in,1
3374,the USA...the,1
3375,USA...the dollar,1
3376,dollar as,1
3377,as hard,1
3378,hard money,1
3379,money is,1
3380,"a joke""",1
3381,"joke"" -",1
3382,Pliego @RicardoBSalinas,1
3383,@RicardoBSalinas (Mexican,1
3384,"(Mexican billionaire,",1
3385,"billionaire, 3rd",1
3386,3rd richest),1
3387,richest) CC:,1
3388,CC: @michael_saylor,1
3389,@michael_saylor https://t.co/InkjLQWCoe,1
3390,#Bitcoin now,1
3391,now =,1
3392,= 130M,2
3393,130M users,2
3394,users Internet,1
3395,Internet in,1
3396,in 1997,1
3397,1997 =,1
3398,is #Bitcoinüáµüáæ,1
3399,The largest,1
3400,largest infrastructure,1
3401,infrastructure displacement,1
3402,displacement in,1
3403,is taking,1
3404,taking place‚Äîroughly,1
3405,place‚Äîroughly 45%,1
3406,45% of,1
3407,the #Bitcoin,1
3408,mining industry,1
3409,industry is,1
3410,is relocating,1
3411,relocating continents.,1
3412,continents. Does,1
3413,Does this,1
3414,this affect,1
3415,affect users?,1
3416,users? Blocks,1
3417,Blocks may,1
3418,may take,1
3419,take an,1
3420,an extra,1
3421,extra minute,1
3422,minute to,1
3423,"be mined,",1
3424,"mined, temporarily.",1
3425,temporarily. Other,1
3426,Other than,1
3427,"than that,",1
3428,"that, #Bitcoin",1
3429,is completely,1
3430,completely unaffected.,1
3431,unaffected. https://t.co/1bUNqRZXLS,1
3432,Iran sells,1
3433,sells energy,1
3434,energy on,1
3435,on global,2
3436,global markets,1
3437,markets by,1
3438,by using,1
3439,using #Bitcoin,1
3440,mining to,1
3441,to bypass,1
3442,bypass US,1
3443,US sanctions.,1
3444,sanctions. It,1
3445,It uses,1
3446,uses electricity,1
3447,electricity equivalent,1
3448,equivalent to,2
3449,10 million,1
3450,million barrels,1
3451,barrels of,1
3452,of crude,1
3453,crude oil,1
3454,oil each,1
3455,each year,1
3456,year for,1
3457,for #Bitcoin,1
3458,mining -,1
3459,- around,1
3460,around 4%,1
3461,4% of,1
3462,of total,1
3463,total Iranian,1
3464,Iranian oil,1
3465,oil Iran,1
3466,Iran generates,1
3467,generates 100s,1
3468,100s of,1
3469,millions in,1
3470,in USD,1
3471,USD in,1
3472,- Reuters,1
3473,Gran s√°bado,1
3474,s√°bado de,1
3475,"de verano,",1
3476,"verano, como",1
3477,como para,1
3478,para estar,1
3479,estar en,1
3480,en una,1
3481,una playa,1
3482,playa #Bitcoin,1
3483,#Bitcoin üá∏üáª,1
3484,üá∏üáª https://t.co/HVkgb5BV1S,1
3485,#Bitcoin sponsored,1
3486,sponsored car,1
3487,car in,1
3488,in 1st,1
3489,1st place,1
3490,place in,1
3491,the South,1
3492,South American,1
3493,American TCR,1
3494,TCR series!,1
3495,series! üôå,1
3496,üôå https://t.co/LI0kEX6KZD,1
3497,Wow. #bitcoin,1
3498,#bitcoin miners,1
3499,miners leaving,1
3500,"leaving China,",1
3501,"China, deploying",1
3502,deploying everywhere,1
3503,everywhere else.,1
3504,else. https://t.co/z0nW5zK87A,1
3505,We are,1
3506,are giving,1
3507,giving out,1
3508,out $10,1
3509,$10 in,1
3510,#bitcoin to,1
3511,the waiters,1
3512,waiters and,1
3513,and $20,1
3514,$20 to,1
3515,the managers,1
3516,managers in,1
3517,in this,1
3518,this amazing,1
3519,amazing restaurant,1
3520,restaurant called,1
3521,called La,1
3522,La Pampa,1
3523,Pampa in,1
3524,in San,1
3525,"San Salvador,",1
3526,"Salvador, El",1
3527,üá∏üáª Bitcoin,1
3528,Bitcoin will,1
3529,will bring,1
3530,bring riches,1
3531,riches to,1
3532,to #ElSalvador,1
3533,#ElSalvador @romanmartinezc,1
3534,@romanmartinezc @nayibbukele,1
3535,@nayibbukele @jorgebitcoinES,1
3536,@jorgebitcoinES @Bitcoinbeach,1
3537,@Bitcoinbeach @DocumentingBTC,1
3538,@DocumentingBTC https://t.co/dXhdgRztRs,1
3539,Someone just,1
3540,just sent,1
3541,sent $61m,1
3542,$61m #Bitcoin,1
3543,#Bitcoin Total,1
3544,Total cost:,1
3545,cost: $8.42,1
3546,$8.42 Try,1
3547,Try that,1
3548,that with,1
3549,with gold!,1
3550,Given the,1
3551,the growth,1
3552,growth of,1
3553,this will,1
3554,will prove,1
3555,prove to,1
3556,a TRILLION,1
3557,TRILLION dollar,1
3558,dollar mistake,1
3559,mistake by,1
3560,by China,1
3561,China -,1
3562,- @Michael_Saylor,2
3563,@Michael_Saylor üíØ,1
3564,üíØ ‚úä,1
3565,"is Bitcoin,",1
3566,"Bitcoin, but",1
3567,but the,1
3568,the crypto,2
3569,crypto market,2
3570,market all,1
3571,all follows,1
3572,follows Bitcoin.,1
3573,Bitcoin. Historically,1
3574,Historically all,1
3575,all crypto,1
3576,crypto does,1
3577,does is,1
3578,is this,1
3579,this hype,1
3580,hype thing,1
3581,thing and,1
3582,and this,1
3583,this crash,1
3584,"crash thing,",1
3585,"thing, over",1
3586,over and,1
3587,and over,1
3588,over again.,1
3589,again. If,1
3590,you bought,1
3591,bought any,1
3592,"any crypto,",1
3593,"crypto, this",1
3594,you signed,1
3595,signed up,1
3596,up for.,1
3597,for. I,1
3598,I know,1
3599,the ride,1
3600,ride is,1
3601,is new,1
3602,new for,1
3603,for some,1
3604,"some folks,",1
3605,"folks, but",1
3606,but it's,1
3607,it's not,1
3608,not new,1
3609,new in,1
3610,in history.,1
3611,history. https://t.co/h6YExuFOmo,1
3612,Today I,1
3613,I sold,1
3614,sold my,1
3615,my TESLA,1
3616,TESLA and,1
3617,and bought,1
3618,bought 2.24,1
3619,2.24 #bitcoin,1
3620,#bitcoin https://t.co/seGJpvncs5,1
3621,Say Goodbye,1
3622,Goodbye To,1
3623,To Bitcoin,1
3624,Bitcoin And,1
3625,And Say,1
3626,Say Hello,1
3627,Hello To,1
3628,To The,1
3629,The Digital,1
3630,Digital Dollar,1
3631,Dollar https://t.co/4EyL3O9dUW,1
3632,https://t.co/4EyL3O9dUW https://t.co/qg1OE52fbD,1
3633,$250 in,1
3634,hit 240k,1
3635,240k today.,1
3636,Long overdue:,1
3637,overdue: #bitcoin,1
3638,#bitcoin +20%,1
3639,+20% daily,1
3640,daily return,1
3641,return (last:,1
3642,(last: July,1
3643,July &amp;,1
3644,&amp; Dec,1
3645,Dec 2017),1
3646,2017) https://t.co/AXtj4khGEW,1
3647,"""The way",1
3648,way that,1
3649,that #Bitcoin,1
3650,mining works,1
3651,works is,1
3652,most energy,2
3653,energy efficient,2
3654,efficient way,1
3655,a trusted,1
3656,trusted digital,1
3657,property network.,1
3658,network. You,1
3659,You put,1
3660,put in,1
3661,in $1,2
3662,$1 you,1
3663,you get,1
3664,out $200,1
3665,$200 of,1
3666,of value,1
3667,value on,1
3668,on Bitcoin.,1
3669,Bitcoin. If,1
3670,If Google,1
3671,Google puts,1
3672,puts in,1
3673,$1 of,1
3674,of energy,1
3675,energy they'd,1
3676,they'd get,1
3677,out $10.,1
3678,$10. It's,1
3679,It's the,1
3680,"efficient industry.""",1
3681,"industry."" -@michael_saylor",1
3682,-@michael_saylor https://t.co/CiJxL363Jv,1
3683,And just,1
3684,just like,1
3685,"like that,",1
3686,"that, Skraps",1
3687,Skraps is,1
3688,is live.,1
3689,live. Download,1
3690,Download on,1
3691,the App,1
3692,App Store,1
3693,Store today,1
3694,today üòÄ,1
3695,üòÄ Invest,1
3696,Invest your,1
3697,your spare,1
3698,spare change,1
3699,change into,1
3700,into #Bitcoin,1
3701,#Bitcoin with,1
3702,with #SkrapsApp.,1
3703,#SkrapsApp. https://t.co/nncZXkiEJO,1
3704,People worried,1
3705,worried about,2
3706,about #bitcoin,2
3707,#bitcoin https://t.co/PRV7lo4uIm,1
3708,Banks closed.,1
3709,closed. Stock,1
3710,Stock market,1
3711,market closed.,1
3712,closed. Bitcoin,1
3713,Bitcoin open.,1
3714,Bitcoin drops,1
3715,drops to,1
3716,"to 3k,",1
3717,"3k, everyone",1
3718,everyone sells.,1
3719,sells. Bitcoin,1
3720,Bitcoin smashes,1
3721,"smashes $100,000",1
3722,"$100,000 and",1
3723,and everyone,2
3724,everyone buys.,1
3725,#EconWatch: As,1
3726,As #ElSalvador,1
3727,#ElSalvador adopts,1
3728,"adopts #Bitcoin,",1
3729,"#Bitcoin, 5",1
3730,5 other,1
3731,other Latin,1
3732,Latin American,1
3733,American countries,1
3734,countries are,1
3735,are considering,1
3736,considering similar,1
3737,similar initiatives.,1
3738,initiatives. Like,1
3739,Like El,1
3740,"El Salvador,",1
3741,"Salvador, all",1
3742,of these,1
3743,these countries,1
3744,countries score,1
3745,score extremely,1
3746,extremely poorly,1
3747,poorly on,1
3748,global corruption,1
3749,corruption indices.,1
3750,indices. #BTC,1
3751,#BTC is,1
3752,is highly,1
3753,highly correlated,1
3754,correlated with,1
3755,with high,1
3756,high levels,1
3757,levels of,1
3758,of corruption.,1
3759,corruption. https://t.co/EGToWp2bPk,1
3760,Lebanese elites,1
3761,elites moved,1
3762,moved +$4,1
3763,+$4 Billion,1
3764,Billion into,1
3765,into Swiss,1
3766,Swiss accounts,1
3767,accounts last,1
3768,last year,1
3769,year while,1
3770,while regular,1
3771,regular people,1
3772,people couldn‚Äôt,1
3773,couldn‚Äôt withdraw,1
3774,withdraw $100,1
3775,$100 as,1
3776,as the,1
3777,the currency,1
3778,currency collapsed.,1
3779,collapsed. #Bitcoin,1
3780,this. https://t.co/BDr6RFg1uI,1
3781,The effect,1
3782,effect of,1
3783,market on,1
3784,on graphics,1
3785,graphics cards.,1
3786,cards. Pic,1
3787,Pic one,1
3788,one is,1
3789,the RRP,1
3790,RRP of,1
3791,the graphics,1
3792,graphics card,1
3793,card I,1
3794,want as,1
3795,as per,1
3796,per the,1
3797,the manufacturer.,1
3798,manufacturer. Pic,1
3799,Pic 2,1
3800,2 is,1
3801,price a,1
3802,a week,2
3803,week or,1
3804,or so,1
3805,so after,1
3806,after Tesla,1
3807,Tesla stopped,1
3808,stopped accepting,1
3809,accepting bitcoin,1
3810,the crash,1
3811,crash started.,1
3812,started. Pic,1
3813,Pic 3,1
3814,3 is,1
3815,current price,1
3816,price https://t.co/swugx4rzN5,1
3817,If the,1
3818,the US,2
3819,US government,1
3820,government owned,1
3821,owned every,1
3822,every single,1
3823,single bitcoin,1
3824,and each,1
3825,each bitcoin,1
3826,bitcoin was,1
3827,was worth,1
3828,worth $1,1
3829,"$1 million,",1
3830,"million, it",1
3831,it still,1
3832,still wouldn't,1
3833,wouldn't be,1
3834,be enough,1
3835,enough to,1
3836,pay off,1
3837,US national,1
3838,national debt.,1
3839,debt. $1M,1
3840,$1M Bitcoin,1
3841,Bitcoin doesn‚Äôt,1
3842,doesn‚Äôt seem,1
3843,seem so,1
3844,so crazy,1
3845,crazy anymore.,1
3846,Exactly a,1
3847,a year,1
3848,"year ago,",1
3849,"ago, #Bitcoin",1
3850,"was $9,070.",1
3851,"$9,070. Zoom",1
3852,Zoom out,1
3853,out and,1
3854,and stay,1
3855,stay bullish.,1
3856,Former New,1
3857,New York,1
3858,York Stock,1
3859,Stock Exchange,1
3860,Exchange president,1
3861,president @ThomasFarley,1
3862,@ThomasFarley says,1
3863,says #Bitcoin,1
3864,could become,1
3865,become a,1
3866,a $10,1
3867,$10 trillion,1
3868,trillion market,1
3869,market with,1
3870,"with ""an",1
3871,"""an up,",1
3872,"up, and",1
3873,and to,1
3874,the right,1
3875,"right trend.""",1
3876,"trend."" https://t.co/cYdcfBNkJW",1
3877,Miami supported,1
3878,supported us,1
3879,us while,1
3880,while hosting,1
3881,hosting Bitcoin,1
3882,"Bitcoin 2021,",1
3883,"2021, now",1
3884,now it‚Äôs,1
3885,it‚Äôs our,1
3886,our turn,1
3887,turn to,1
3888,to support,1
3889,support Miami.,1
3890,Miami. Until,1
3891,Until the,1
3892,the end,1
3893,end of,1
3894,"the month,",1
3895,"month, 100%",1
3896,100% of,1
3897,of all,1
3898,all ticket,1
3899,ticket sales,1
3900,sales will,1
3901,be donated,1
3902,donated to,1
3903,to those,2
3904,those impacted,1
3905,impacted by,1
3906,the Surfside,1
3907,Surfside building,1
3908,building collapse.,1
3909,#Bitcoin will,1
3910,will give,1
3911,give birth,1
3912,birth to,1
3913,biggest wealth,1
3914,wealth transfer,1
3915,transfer in,1
3916,in human,1
3917,human history!,1
3918,‚ÄúThe future,1
3919,future belongs,1
3920,belongs to,1
3921,those who,1
3922,who believe,1
3923,believe in,1
3924,the beauty,1
3925,beauty of,1
3926,their dreams.‚Äù,1
3927,dreams.‚Äù -,1
3928,- Eleanor,1
3929,Eleanor Roosevelt,1
3930,Roosevelt on,1
3931,be attending,1
3932,attending a,1
3933,a UK,1
3934,UK High,1
3935,High Court,1
3936,Court hearing,1
3937,hearing on,1
3938,on Monday,1
3939,Monday for,1
3940,for hosting,1
3941,hosting the,1
3942,Bitcoin whitepaper.,1
3943,whitepaper. The,1
3944,The judge,1
3945,judge will,1
3946,will decide,1
3947,decide whether,1
3948,whether to,1
3949,to order,1
3950,order me,1
3951,take it,1
3952,it down.,1
3953,down. If,1
3954,you want,5
3955,to attend,1
3956,attend (it's,1
3957,(it's through,1
3958,through MS,1
3959,"MS Teams),",1
3960,"Teams), information",1
3961,information is,1
3962,is available,1
3963,available on,1
3964,the official,1
3965,official court,1
3966,court website.,1
3967,website. https://t.co/NvwUDnKmrC,1
3968,"Yes, you",1
3969,buy coffee,1
3970,with bitcoin.,1
3971,bitcoin. https://t.co/V0A2bg3VYj,1
3972,#Bitcoin short,1
3973,term holders,1
3974,holders capitulated,1
3975,capitulated yesterday.,1
3976,yesterday. They,1
3977,They took,1
3978,took losses,1
3979,losses on,1
3980,on par,1
3981,par with,1
3982,with all,1
3983,the major,1
3984,major drawdowns,1
3985,drawdowns in,1
3986,in bitcoin,1
3987,bitcoin history.,1
3988,history. https://t.co/C1sXExwEmz,1
3989,"Goodbye 30k,",1
3990,"30k, thanks",1
3991,thanks for,1
3992,the memories.,1
3993,memories. #Bitcoin,1
3994,#Bitcoin #Wyckoff,1
3995,#Wyckoff https://t.co/ND5dnz7hJ9,1
3996,adding $BTC?,1
3997,$BTC? https://t.co/InahHsiuns,1
3998,to give,4
3999,give property,1
4000,rights to,1
4001,5 billion,4
4002,billion people,4
4003,people you,4
4004,need #Bitcoin,1
4005,to do,2
4006,it. -,1
4007,@Michael_Saylor üôå,1
4008,üôå https://t.co/8sXRMRVgJd,1
4009,New airdrop:,1
4010,airdrop: MoonLift,1
4011,MoonLift (MLTP),1
4012,(MLTP) Total,1
4013,Total Reward:,1
4014,"Reward: $2,000",1
4015,"$2,000 of",1
4016,of MLTP,1
4017,MLTP Rate:,1
4018,Rate: ‚≠êÔ∏è‚≠êÔ∏è‚≠êÔ∏è‚≠êÔ∏è,1
4019,‚≠êÔ∏è‚≠êÔ∏è‚≠êÔ∏è‚≠êÔ∏è Market:,1
4020,"Market: Lbank,Bilaxy,Pancakeswap,Coinmarketcap",1
4021,"Lbank,Bilaxy,Pancakeswap,Coinmarketcap Distribution:",1
4022,Distribution: within,1
4023,within a,1
4024,week after,1
4025,after ends,1
4026,ends Bot,1
4027,Bot Airdrop,1
4028,Airdrop Link:,1
4029,Link: https://t.co/AIjnKsTAPL,1
4030,https://t.co/AIjnKsTAPL #Airdrop,1
4031,#Airdrop #Airdrops,1
4032,#Airdrops #Airdropinspector,1
4033,#Airdropinspector #BSC,1
4034,#BSC #BinanceSmartChain,1
4035,#BinanceSmartChain #Crypto,1
4036,#Crypto #Bitcoin,1
4037,üéÅ $50,1
4038,$50 BITCOIN,1
4039,BITCOIN GIVEAWAY,1
4040,GIVEAWAY üéÅ,1
4041,üéÅ ‚úÖ,1
4042,‚úÖ Retweet,1
4043,Retweet +,1
4044,+ Like,1
4045,Like ‚úÖ,1
4046,‚úÖ Follow,1
4047,Follow me,1
4048,me &amp;,1
4049,&amp; @Roobet,1
4050,@Roobet Join:,1
4051,Join: https://t.co/6yaHDpEnv7,1
4052,https://t.co/6yaHDpEnv7 Ends:,1
4053,Ends: 48h,1
4054,48h üçÄ,1
4055,üçÄ https://t.co/A10UxDDN2X,1
4056,Nothing to,1
4057,to talk,1
4058,talk aboutü§îü§∑üèΩ‚Äç‚ôÄÔ∏è,1
4059,aboutü§îü§∑üèΩ‚Äç‚ôÄÔ∏è Normal,1
4060,Normal people:,1
4061,people: silence!!,1
4062,silence!! Twitter,1
4063,Twitter people:-,1
4064,people:- can,1
4065,can you,1
4066,have sex,1
4067,sex with,1
4068,with your,1
4069,your boyfriends,1
4070,boyfriends late,1
4071,late fathers,1
4072,fathers sonü•¥ü§∑üèΩ‚Äç‚ôÄÔ∏è,1
4073,sonü•¥ü§∑üèΩ‚Äç‚ôÄÔ∏è #liquidfytoken,1
4074,#liquidfytoken #bitcoin,1
4075,#bitcoin https://t.co/HI3cDwLjNB,1
4076,Two South,1
4077,South African,1
4078,African brothers,1
4079,brothers abscond,1
4080,abscond with,1
4081,with $3.6,1
4082,$3.6 billion,1
4083,billion of,1
4084,of clients,1
4085,clients #bitcoin,1
4086,#bitcoin on,1
4087,on their,1
4088,"their platform,",1
4089,"platform, Africrypt.",1
4090,Africrypt. What,1
4091,What should,1
4092,be done,1
4093,done to,1
4094,to them,1
4095,them when,1
4096,when caught?,1
4097,caught? https://t.co/Eeaefdz5Tf,1
4098,I wish,1
4099,wish when,1
4100,when I,1
4101,I was,1
4102,was 21,1
4103,21 someone,1
4104,someone told,1
4105,told me,1
4106,me about,1
4107,about #Bitcoin,1
4108,then explained,1
4109,explained #diamondhands,1
4110,#diamondhands to,1
4111,"to me,",1
4112,"me, I",1
4113,I would‚Äôve,2
4114,would‚Äôve been,1
4115,been all,1
4116,all in.,1
4117,in. Even,1
4118,Even if,1
4119,I had,1
4120,had simply,1
4121,simply held,1
4122,held it,1
4123,it for,1
4124,for 5,1
4125,5 years,1
4126,years I,1
4127,would‚Äôve had,1
4128,had massive,1
4129,massive gains.,1
4130,gains. If,1
4131,you‚Äôre under,1
4132,under 20,1
4133,20 years,1
4134,years old,1
4135,old right,1
4136,right now,1
4137,now the,1
4138,the smartest,1
4139,smartest thing,1
4140,thing to,1
4141,do is,1
4142,is invest,1
4143,in crypto,1
4144,crypto #dogecoin,1
4145,Central Bank,1
4146,Bank digital,1
4147,digital currencies,1
4148,are NOT,1
4149,NOT equivalent,1
4150,to #Bitcoin.,1
4151,#Bitcoin. The,1
4152,The former,1
4153,former centralizes,1
4154,centralizes power,1
4155,power even,1
4156,even more,1
4157,than the,1
4158,current fiat,1
4159,"fiat system,",1
4160,"system, creating",1
4161,creating a,1
4162,a financial,1
4163,financial Panopticon.,1
4164,Panopticon. The,1
4165,The latter,1
4166,latter decentralizes,1
4167,decentralizes power,1
4168,power and,1
4169,and puts,1
4170,puts it,1
4171,the hands,1
4172,hands of,1
4173,the people.,1
4174,‰ªäÊó•„Åã„Çâ10Êó•Èñì„ÅÆ„Åø„Éì„ÉÉ„Éà„Ç≥„Ç§„É≥ÔºàbitcoinÔºâ„ÇíÊØéÊó•„Éó„É¨„Çº„É≥„Éà„Åó„Åæ„ÅôüéÅ#ÊÆã„Çä6Êó• ÊäΩÈÅ∏„Åß1Âêç„ÅÆÊñπ„Å´,1
4175,ÂøúÂãüÊúüÈñì 6Êúà26Êó•„Åæ„Åß,1
4176,6Êúà26Êó•„Åæ„Åß ÂèÇÂä†Êù°‰ª∂,1
4177,Bitcoin price.,1
4178,price. 24,1
4179,hours ago:,2
4180,"ago: $35,000",1
4181,"$35,000 12",1
4182,12 hours,1
4183,"ago: $33,000",1
4184,"$33,000 Now:",1
4185,"Now: $32,100",1
4186,Still worried,1
4187,#bitcoin going,1
4188,to zero?,1
4189,zero? Relax,1
4190,Relax and,1
4191,and think.,1
4192,think. It,1
4193,It won't.,1
4194,won't. On,1
4195,On top,1
4196,top of,1
4197,of many,1
4198,many other,1
4199,"other reasons,",1
4200,"reasons, it",1
4201,is now,1
4202,now legal,1
4203,legal tender,1
4204,tender in,1
4205,in a,1
4206,a few,1
4207,few countries.,1
4208,#ElSalvador |,1
4209,| Un,1
4210,Un estudio,1
4211,estudio del,1
4212,del Instituto,1
4213,Instituto Johns,1
4214,Johns Hopkins,1
4215,Hopkins pone,1
4216,pone en,1
4217,en evidencia,1
4218,evidencia que,1
4219,que el,1
4220,el env√≠o,1
4221,env√≠o de,1
4222,de remesas,1
4223,remesas familiares,1
4224,familiares a,1
4225,a El,1
4226,Salvador mediante,1
4227,mediante los,1
4228,los cajeros,1
4229,cajeros electr√≥nicos,1
4230,electr√≥nicos (ATM),1
4231,(ATM) de,1
4232,de bitc√≥in,1
4233,bitc√≥in cuesta,1
4234,cuesta el,1
4235,el doble,1
4236,doble comparado,1
4237,comparado a,1
4238,los m√©todos,1
4239,m√©todos bancarios,1
4240,bancarios tradicionales.,1
4241,tradicionales. https://t.co/nGV1Eztn6x,1
4242,is gonna,2
4243,gonna bounce,1
4244,bounce so,1
4245,so hard,1
4246,hard eventually,1
4247,eventually and,1
4248,and shoot,1
4249,shoot past,1
4250,"past $65,000",1
4251,"$65,000 and",1
4252,gonna wish,1
4253,wish they,1
4254,they stacked,1
4255,stacked at,1
4256,at $30K.,1
4257,Salvadore√±os y,1
4258,"y salvadore√±as,",1
4259,"salvadore√±as, profesionales,",1
4260,"profesionales, acad√©micos",1
4261,acad√©micos de,1
4262,de diversas,2
4263,diversas ramas,1
4264,ramas y,1
4265,diversas posturas,1
4266,posturas de,1
4267,"de pensamiento,",1
4268,"pensamiento, coincidimos",1
4269,coincidimos en,1
4270,en esto:,1
4271,esto: la,1
4272,la Ley,1
4273,Ley Bitcoin,1
4274,Bitcoin debe,1
4275,debe derogarse.,1
4276,derogarse. https://t.co/ZDLB3HGLPe,1
4277,give joy,1
4278,joy to,1
4279,need digital,3
4280,digital music.,1
4281,music. If,1
4282,give knowledge,1
4283,knowledge to,1
4284,digital books.,1
4285,books. If,1
4286,give wealth,1
4287,wealth to,1
4288,digital property.,1
4289,property. #Bitcoin,1
4290,I prefer,1
4291,prefer #Bitcoin,1
4292,#Bitcoin bear,1
4293,bear markets,1
4294,markets because,1
4295,because the,1
4296,most scarce,1
4297,scarce and,1
4298,and important,1
4299,important asset,1
4300,asset on,1
4301,on earth,1
4302,earth is,1
4303,is transferred,1
4304,transferred from,1
4305,from weak,1
4306,weak hands,1
4307,hands interested,1
4308,interested in,1
4309,in short,1
4310,term speculation,1
4311,speculation to,1
4312,to strong,1
4313,strong hands,1
4314,hands that,1
4315,that understand,1
4316,understand what,1
4317,what they're,1
4318,they're acquiring,1
4319,acquiring and,1
4320,and have,1
4321,have extreme,1
4322,extreme conviction.,1
